Round,Fencer A Name,Fencer A Country,Fencer A Score,Fencer B Name,Fencer B Country,Fencer B Score,Winner
Preliminary 256,TSAP Yuriy,UKR,15,N/A,N/A,N/A,TSAP Yuriy
Preliminary 256,KATO Hibiki,JPN,14,COZMULEANU Codrin,ROU,15,COZMULEANU Codrin
Preliminary 256,SZCZEPANIK Piotr,POL,15,N/A,N/A,N/A,SZCZEPANIK Piotr
Preliminary 256,KINDLER Frederic,GER,15,N/A,N/A,N/A,KINDLER Frederic
Preliminary 256,NABIYEV Zhanat,KAZ,15,N/A,N/A,N/A,NABIYEV Zhanat
Preliminary 256,KUTCHUKHIDZE Lasha,GEO,11,REN Junming,HKG,15,REN Junming
Preliminary 256,FLOREZ Carlos,ESP,15,ALVAREZ Ricardo,CHI,8,FLOREZ Carlos
Preliminary 256,HEATHCOCK Antonio,USA,15,N/A,N/A,N/A,HEATHCOCK Antonio
Preliminary 256,HOSHINO Kento,JPN,15,N/A,N/A,N/A,HOSHINO Kento
Preliminary 256,MOGG Leopold,GER,6,ALQUDIHI Ahmed,KSA,15,ALQUDIHI Ahmed
Preliminary 256,KUZMIN Leon,GER,15,N/A,N/A,N/A,KUZMIN Leon
Preliminary 256,REA Mattia,ITA,15,N/A,N/A,N/A,REA Mattia
Preliminary 256,KUMARESAN PADMA Gisho Nidhi,IND,15,N/A,N/A,N/A,KUMARESAN PADMA Gisho Nidhi
Preliminary 256,GIRAULT Evann Jean Abba,NIG,15,N/A,N/A,N/A,GIRAULT Evann Jean Abba
Preliminary 256,WONG Tzer Chyuan,MAS,10,FERNANDEZ BLANCO Oscar,ESP,15,FERNANDEZ BLANCO Oscar
Preliminary 256,DECSI Tamas,HUN,15,N/A,N/A,N/A,DECSI Tamas
Preliminary 256,DEARY William,GBR,15,N/A,N/A,N/A,DEARY William
Preliminary 256,ZAHEDI Nima,IRI,7,PEKELMAN Bruno,BRA,15,PEKELMAN Bruno
Preliminary 256,MASTRULLO Marco,ITA,15,N/A,N/A,N/A,MASTRULLO Marco
Preliminary 256,SCHNEIDER Benno,GER,15,N/A,N/A,N/A,SCHNEIDER Benno
Preliminary 256,ALMUTAIRI Adel,KSA,15,N/A,N/A,N/A,ALMUTAIRI Adel
Preliminary 256,TCHEISHVILI Nikoloz,GEO,15,N/A,N/A,N/A,TCHEISHVILI Nikoloz
Preliminary 256,SATTARKHAN Nazarbay,KAZ,15,MAMUTOV Sherzod,UZB,4,SATTARKHAN Nazarbay
Preliminary 256,YAGODKA Andriy,UKR,15,N/A,N/A,N/A,YAGODKA Andriy
Preliminary 256,SARKISSYAN Artyom,KAZ,15,N/A,N/A,N/A,SARKISSYAN Artyom
Preliminary 256,DAULETNAZAROV Azizbek,UZB,5,BONAH Luis,GER,15,BONAH Luis
Preliminary 256,TSUMORI Shido,JPN,15,N/A,N/A,N/A,TSUMORI Shido
Preliminary 256,SEITZ Tom,FRA,15,N/A,N/A,N/A,SEITZ Tom
Preliminary 256,GARRIGUE Remi,FRA,15,N/A,N/A,N/A,GARRIGUE Remi
Preliminary 256,LOW Ho Tin,HKG,15,N/A,N/A,N/A,LOW Ho Tin
Preliminary 256,HO Sze Long Aaron,HKG,15,CHAN Lok Hei Royce,HKG,14,HO Sze Long Aaron
Preliminary 256,ZMAU Alexandru,ROU,15,N/A,N/A,N/A,ZMAU Alexandru
Preliminary 256,LIN Xiao,CHN,15,N/A,N/A,N/A,LIN Xiao
Preliminary 256,ELARABY Mazen,EGY,15,KAKAURIDZE Goga,GEO,9,ELARABY Mazen
Preliminary 256,RABB Krisztian,HUN,15,N/A,N/A,N/A,RABB Krisztian
Preliminary 256,METHNER Philipp,GER,15,N/A,N/A,N/A,METHNER Philipp
Preliminary 256,MACKIEWICZ Andrew,USA,15,N/A,N/A,N/A,MACKIEWICZ Andrew
Preliminary 256,CIDU Casian,ROU,15,N/A,N/A,N/A,CIDU Casian
Preliminary 256,CHANG Hoi Chun,HKG,9,GELINAS Marc,CAN,15,GELINAS Marc
Preliminary 256,FRUMGARZTS David,ISR,15,N/A,N/A,N/A,FRUMGARZTS David
Preliminary 256,DOLEGIEWICZ Filip,USA,15,N/A,N/A,N/A,DOLEGIEWICZ Filip
Preliminary 256,DICK Jadryn,IRL,8,MONSALVA Roberto,CHI,15,MONSALVA Roberto
Preliminary 256,CRESPO Christian,VEN,15,N/A,N/A,N/A,CRESPO Christian
Preliminary 256,GALGOCZY Tamas,HUN,15,N/A,N/A,N/A,GALGOCZY Tamas
Preliminary 256,RAHBARI Mohammad,IRI,15,N/A,N/A,N/A,RAHBARI Mohammad
Preliminary 256,COHEN Josef,USA,15,N/A,N/A,N/A,COHEN Josef
Preliminary 256,PATINO Emir,VEN,10,MORALES Josue,MEX,15,MORALES Josue
Preliminary 256,AMER Mohamed,EGY,15,N/A,N/A,N/A,AMER Mohamed
Preliminary 256,CUELLAR Sebastian,COL,15,N/A,N/A,N/A,CUELLAR Sebastian
Preliminary 256,BAHAMONDE Manuel,CHI,15,ALMANSAF Abdullah,KSA,7,BAHAMONDE Manuel
Preliminary 256,ARCHVADZE Vakhtangi,GEO,15,N/A,N/A,N/A,ARCHVADZE Vakhtangi
Preliminary 256,MOATAZ Adham,EGY,15,N/A,N/A,N/A,MOATAZ Adham
Preliminary 256,DINU Nicholas,CAN,15,N/A,N/A,N/A,DINU Nicholas
Preliminary 256,HRYCIUK Szymon,POL,15,N/A,N/A,N/A,HRYCIUK Szymon
Preliminary 256,ALMUTAIRI Ziyad,KSA,7,VERDE Rodrigo,ESP,15,VERDE Rodrigo
Preliminary 256,SHEN Chenpeng,CHN,15,N/A,N/A,N/A,SHEN Chenpeng
Preliminary 256,TOKUNAN Kenta,JPN,15,N/A,N/A,N/A,TOKUNAN Kenta
Preliminary 256,HOWES Nicholas,GBR,6,MARTINE Thomas,FRA,15,MARTINE Thomas
Preliminary 256,ROMERO Eliecer,VEN,15,COVALIU Vlad,ROU,11,ROMERO Eliecer
Preliminary 256,YAN Yinghui,CHN,15,N/A,N/A,N/A,YAN Yinghui
Preliminary 256,ARMIJO Gabriel,USA,15,N/A,N/A,N/A,ARMIJO Gabriel
Preliminary 256,ALAMR Mohammed,KSA,15,N/A,N/A,N/A,ALAMR Mohammed
Preliminary 256,CORREA VILA Luis,COL,13,RODRIGUEZ Abraham,VEN,15,RODRIGUEZ Abraham
Preliminary 256,SINGH Karan Singh,IND,15,N/A,N/A,N/A,SINGH Karan Singh
Preliminary 256,ARFA Fares,CAN,15,N/A,N/A,N/A,ARFA Fares
Preliminary 256,HA Hansol,KOR,15,COLLEAU Charles,FRA,9,HA Hansol
Preliminary 256,CHANG Chi Hin Cyrus,HKG,15,N/A,N/A,N/A,CHANG Chi Hin Cyrus
Preliminary 256,LEUNG Tin Ching,HKG,15,N/A,N/A,N/A,LEUNG Tin Ching
Preliminary 256,LAMBERT Maxence,FRA,15,N/A,N/A,N/A,LAMBERT Maxence
Preliminary 256,HERRANZ Carlos,ESP,15,ALLEN Samuel,GBR,7,HERRANZ Carlos
Preliminary 256,TAFLAN Ahmet Turgut,TUR,11,WEI Andrew,CAN,15,WEI Andrew
Preliminary 256,DI TELLA Pascual Maria,ARG,15,N/A,N/A,N/A,DI TELLA Pascual Maria
Preliminary 256,YOSHIDA Kento,JPN,15,N/A,N/A,N/A,YOSHIDA Kento
Preliminary 256,FLOREZ Jaime,ESP,14,HAYNES Luke,GBR,15,HAYNES Luke
Preliminary 256,KAJOR Krzysztof,POL,15,N/A,N/A,N/A,KAJOR Krzysztof
Preliminary 256,DRAGOMIR George,ROU,15,N/A,N/A,N/A,DRAGOMIR George
Preliminary 256,GORDON Shaul,CAN,15,N/A,N/A,N/A,GORDON Shaul
Preliminary 256,RIKITAKE Yuto,JPN,15,N/A,N/A,N/A,RIKITAKE Yuto
Preliminary 256,YOSHIDA Tamon,JPN,13,HMISSI Amenallah,TUN,15,HMISSI Amenallah
Preliminary 256,NUCCIO Riccardo,ITA,15,N/A,N/A,N/A,NUCCIO Riccardo
Preliminary 256,KEMPF Lorenz,GER,15,N/A,N/A,N/A,KEMPF Lorenz
Preliminary 256,WESTERN REYES Rafael,PUR,9,HORVATH Gergo,HUN,15,HORVATH Gergo
Preliminary 256,CANTINI Edoardo,ITA,15,N/A,N/A,N/A,CANTINI Edoardo
Preliminary 256,CAUCHON Francois,CAN,15,N/A,N/A,N/A,CAUCHON Francois
Preliminary 256,STATSENKO Oleksiy,UKR,15,N/A,N/A,N/A,STATSENKO Oleksiy
Preliminary 256,HERNANDEZ CABALLERO Andres,ESP,15,N/A,N/A,N/A,HERNANDEZ CABALLERO Andres
Preliminary 256,ALVAREZ DURAN Pablo,ESP,8,LOPEZ DE GUERENU Jorge,ESP,15,LOPEZ DE GUERENU Jorge
Preliminary 256,STREETS Kaito,JPN,15,N/A,N/A,N/A,STREETS Kaito
Preliminary 256,KACZKOWSKI Krzysztof,POL,15,N/A,N/A,N/A,KACZKOWSKI Krzysztof
Preliminary 256,ALPAIDZE Mikhail,GEO,15,AYMAN Mostafa,EGY,5,ALPAIDZE Mikhail
Preliminary 256,PATRICE Jean-Philippe,FRA,15,N/A,N/A,N/A,PATRICE Jean-Philippe
Preliminary 256,NITU Radu,ROU,15,N/A,N/A,N/A,NITU Radu
Preliminary 256,MADRIGAL Santiago,ESP,15,N/A,N/A,N/A,MADRIGAL Santiago
Preliminary 256,ANASIZ Muhammed,TUR,15,N/A,N/A,N/A,ANASIZ Muhammed
Preliminary 256,BENEDICT Nicolaus,AUT,15,AYALA Julian,MEX,14,BENEDICT Nicolaus
Preliminary 256,BERRE' Enrico,ITA,15,N/A,N/A,N/A,BERRE' Enrico
Preliminary 256,LIANG Jianhao,CHN,15,N/A,N/A,N/A,LIANG Jianhao
Preliminary 256,KALENDER Muhammed Furkan,TUR,13,MILLER Curtis,GBR,15,MILLER Curtis
Preliminary 256,PLATONOV Bogdan,UKR,15,N/A,N/A,N/A,PLATONOV Bogdan
Preliminary 256,YAMAN Furkan,TUR,15,N/A,N/A,N/A,YAMAN Furkan
Preliminary 256,URSACHI Razvan,ROU,15,N/A,N/A,N/A,URSACHI Razvan
Preliminary 256,CIDU Matei,ROU,15,N/A,N/A,N/A,CIDU Matei
Preliminary 256,SHINDE Abhay Krishna,IND,14,CROMIE Max,GBR,15,CROMIE Max
Preliminary 256,BAHER ARASBARAN Farzad,IRI,15,N/A,N/A,N/A,BAHER ARASBARAN Farzad
Preliminary 256,BAZADZE Beka,GEO,15,N/A,N/A,N/A,BAZADZE Beka
Preliminary 256,GOUGOULIAS Olympios,GBR,9,SCHLAFFER Leon,GER,15,SCHLAFFER Leon
Preliminary 256,LUCCHETTI Stefano Ivan,ARG,15,N/A,N/A,N/A,LUCCHETTI Stefano Ivan
Preliminary 256,FOTOUHI Mohammad,IRI,15,N/A,N/A,N/A,FOTOUHI Mohammad
Preliminary 256,BRAVO Inaki,ESP,15,N/A,N/A,N/A,BRAVO Inaki
Preliminary 256,MATEEV Andri Nikolaysson,ISL,15,N/A,N/A,N/A,MATEEV Andri Nikolaysson
Preliminary 256,DI MARTINO Pietro Jose,ARG,15,MESSICA Lucas Maurice Andre,TUN,12,DI MARTINO Pietro Jose
Preliminary 256,ILIASZ Nicolas,HUN,15,N/A,N/A,N/A,ILIASZ Nicolas
Preliminary 256,MORRILL William,USA,15,N/A,N/A,N/A,MORRILL William
Preliminary 256,SHIRAI Hiromu,JPN,15,MORAN Yago,ESP,12,SHIRAI Hiromu
Preliminary 256,ZEA Gibran,MEX,15,N/A,N/A,N/A,ZEA Gibran
Preliminary 256,AYMURATOV Musa,UZB,15,N/A,N/A,N/A,AYMURATOV Musa
Preliminary 256,SUNG Hyeonmo,KOR,15,N/A,N/A,N/A,SUNG Hyeonmo
Preliminary 256,DUBARRY Baptiste,FRA,15,N/A,N/A,N/A,DUBARRY Baptiste
Preliminary 256,XU Yingming,CHN,15,TSUBO Hayato,JPN,8,XU Yingming
Preliminary 256,IAM Jethro,HKG,15,N/A,N/A,N/A,IAM Jethro
Preliminary 256,SEEFELD Eric Simon,GER,15,N/A,N/A,N/A,SEEFELD Eric Simon
Preliminary 256,OLANGUA Asier,ESP,15,HALLIWELL Barnaby,GBR,10,OLANGUA Asier
Preliminary 256,PALACIOS MURILLO Mario Alberto,COL,15,HO Ian,GBR,9,PALACIOS MURILLO Mario Alberto
Preliminary 256,GEMESI Csanad,HUN,15,N/A,N/A,N/A,GEMESI Csanad
Preliminary 256,BOUREAU Paco,FRA,15,N/A,N/A,N/A,BOUREAU Paco
Preliminary 256,CABALLERO Rogelio,ESP,15,N/A,N/A,N/A,CABALLERO Rogelio
Preliminary 256,CHOW Chung Hei,HKG,15,KOSSUTH Balint,HUN,10,CHOW Chung Hei
Preliminary 256,KOKUBO Mao,JPN,15,N/A,N/A,N/A,KOKUBO Mao
Preliminary 128,TSAP Yuriy,UKR,15,COZMULEANU Codrin,ROU,8,TSAP Yuriy
Preliminary 128,SZCZEPANIK Piotr,POL,5,KINDLER Frederic,GER,15,KINDLER Frederic
Preliminary 128,NABIYEV Zhanat,KAZ,12,REN Junming,HKG,15,REN Junming
Preliminary 128,FLOREZ Carlos,ESP,6,HEATHCOCK Antonio,USA,15,HEATHCOCK Antonio
Preliminary 128,HOSHINO Kento,JPN,15,ALQUDIHI Ahmed,KSA,6,HOSHINO Kento
Preliminary 128,KUZMIN Leon,GER,13,REA Mattia,ITA,15,REA Mattia
Preliminary 128,KUMARESAN PADMA Gisho Nidhi,IND,14,GIRAULT Evann Jean Abba,NIG,15,GIRAULT Evann Jean Abba
Preliminary 128,FERNANDEZ BLANCO Oscar,ESP,9,DECSI Tamas,HUN,15,DECSI Tamas
Preliminary 128,DEARY William,GBR,15,PEKELMAN Bruno,BRA,8,DEARY William
Preliminary 128,MASTRULLO Marco,ITA,14,SCHNEIDER Benno,GER,15,SCHNEIDER Benno
Preliminary 128,ALMUTAIRI Adel,KSA,15,TCHEISHVILI Nikoloz,GEO,6,ALMUTAIRI Adel
Preliminary 128,SATTARKHAN Nazarbay,KAZ,13,YAGODKA Andriy,UKR,15,YAGODKA Andriy
Preliminary 128,SARKISSYAN Artyom,KAZ,13,BONAH Luis,GER,15,BONAH Luis
Preliminary 128,TSUMORI Shido,JPN,13,SEITZ Tom,FRA,15,SEITZ Tom
Preliminary 128,GARRIGUE Remi,FRA,15,LOW Ho Tin,HKG,13,GARRIGUE Remi
Preliminary 128,HO Sze Long Aaron,HKG,10,ZMAU Alexandru,ROU,15,ZMAU Alexandru
Preliminary 128,LIN Xiao,CHN,15,ELARABY Mazen,EGY,12,LIN Xiao
Preliminary 128,RABB Krisztian,HUN,15,METHNER Philipp,GER,8,RABB Krisztian
Preliminary 128,MACKIEWICZ Andrew,USA,15,CIDU Casian,ROU,12,MACKIEWICZ Andrew
Preliminary 128,GELINAS Marc,CAN,15,FRUMGARZTS David,ISR,14,GELINAS Marc
Preliminary 128,DOLEGIEWICZ Filip,USA,15,MONSALVA Roberto,CHI,12,DOLEGIEWICZ Filip
Preliminary 128,CRESPO Christian,VEN,15,GALGOCZY Tamas,HUN,11,CRESPO Christian
Preliminary 128,RAHBARI Mohammad,IRI,10,COHEN Josef,USA,15,COHEN Josef
Preliminary 128,MORALES Josue,MEX,5,AMER Mohamed,EGY,15,AMER Mohamed
Preliminary 128,CUELLAR Sebastian,COL,15,BAHAMONDE Manuel,CHI,14,CUELLAR Sebastian
Preliminary 128,ARCHVADZE Vakhtangi,GEO,7,MOATAZ Adham,EGY,15,MOATAZ Adham
Preliminary 128,DINU Nicholas,CAN,8,HRYCIUK Szymon,POL,15,HRYCIUK Szymon
Preliminary 128,VERDE Rodrigo,ESP,5,SHEN Chenpeng,CHN,15,SHEN Chenpeng
Preliminary 128,TOKUNAN Kenta,JPN,15,MARTINE Thomas,FRA,11,TOKUNAN Kenta
Preliminary 128,ROMERO Eliecer,VEN,10,YAN Yinghui,CHN,15,YAN Yinghui
Preliminary 128,ARMIJO Gabriel,USA,14,ALAMR Mohammed,KSA,15,ALAMR Mohammed
Preliminary 128,RODRIGUEZ Abraham,VEN,9,SINGH Karan Singh,IND,15,SINGH Karan Singh
Preliminary 128,ARFA Fares,CAN,13,HA Hansol,KOR,15,HA Hansol
Preliminary 128,CHANG Chi Hin Cyrus,HKG,9,LEUNG Tin Ching,HKG,15,LEUNG Tin Ching
Preliminary 128,LAMBERT Maxence,FRA,15,HERRANZ Carlos,ESP,4,LAMBERT Maxence
Preliminary 128,WEI Andrew,CAN,5,DI TELLA Pascual Maria,ARG,15,DI TELLA Pascual Maria
Preliminary 128,YOSHIDA Kento,JPN,10,HAYNES Luke,GBR,15,HAYNES Luke
Preliminary 128,KAJOR Krzysztof,POL,12,DRAGOMIR George,ROU,15,DRAGOMIR George
Preliminary 128,GORDON Shaul,CAN,15,RIKITAKE Yuto,JPN,10,GORDON Shaul
Preliminary 128,HMISSI Amenallah,TUN,3,NUCCIO Riccardo,ITA,15,NUCCIO Riccardo
Preliminary 128,KEMPF Lorenz,GER,15,HORVATH Gergo,HUN,12,KEMPF Lorenz
Preliminary 128,CANTINI Edoardo,ITA,15,CAUCHON Francois,CAN,9,CANTINI Edoardo
Preliminary 128,STATSENKO Oleksiy,UKR,15,HERNANDEZ CABALLERO Andres,ESP,12,STATSENKO Oleksiy
Preliminary 128,LOPEZ DE GUERENU Jorge,ESP,11,STREETS Kaito,JPN,15,STREETS Kaito
Preliminary 128,KACZKOWSKI Krzysztof,POL,15,ALPAIDZE Mikhail,GEO,10,KACZKOWSKI Krzysztof
Preliminary 128,PATRICE Jean-Philippe,FRA,15,NITU Radu,ROU,13,PATRICE Jean-Philippe
Preliminary 128,MADRIGAL Santiago,ESP,14,ANASIZ Muhammed,TUR,15,ANASIZ Muhammed
Preliminary 128,BENEDICT Nicolaus,AUT,5,BERRE' Enrico,ITA,15,BERRE' Enrico
Preliminary 128,LIANG Jianhao,CHN,15,MILLER Curtis,GBR,13,LIANG Jianhao
Preliminary 128,PLATONOV Bogdan,UKR,12,YAMAN Furkan,TUR,15,YAMAN Furkan
Preliminary 128,URSACHI Razvan,ROU,13,CIDU Matei,ROU,15,CIDU Matei
Preliminary 128,CROMIE Max,GBR,3,BAHER ARASBARAN Farzad,IRI,15,BAHER ARASBARAN Farzad
Preliminary 128,BAZADZE Beka,GEO,15,SCHLAFFER Leon,GER,10,BAZADZE Beka
Preliminary 128,LUCCHETTI Stefano Ivan,ARG,14,FOTOUHI Mohammad,IRI,15,FOTOUHI Mohammad
Preliminary 128,BRAVO Inaki,ESP,15,MATEEV Andri Nikolaysson,ISL,9,BRAVO Inaki
Preliminary 128,DI MARTINO Pietro Jose,ARG,5,ILIASZ Nicolas,HUN,15,ILIASZ Nicolas
Preliminary 128,MORRILL William,USA,15,SHIRAI Hiromu,JPN,8,MORRILL William
Preliminary 128,ZEA Gibran,MEX,13,AYMURATOV Musa,UZB,15,AYMURATOV Musa
Preliminary 128,SUNG Hyeonmo,KOR,15,DUBARRY Baptiste,FRA,13,SUNG Hyeonmo
Preliminary 128,XU Yingming,CHN,15,IAM Jethro,HKG,8,XU Yingming
Preliminary 128,SEEFELD Eric Simon,GER,15,OLANGUA Asier,ESP,4,SEEFELD Eric Simon
Preliminary 128,PALACIOS MURILLO Mario Alberto,COL,9,GEMESI Csanad,HUN,15,GEMESI Csanad
Preliminary 128,BOUREAU Paco,FRA,14,CABALLERO Rogelio,ESP,15,CABALLERO Rogelio
Preliminary 128,CHOW Chung Hei,HKG,11,KOKUBO Mao,JPN,15,KOKUBO Mao
Preliminary 64,TSAP Yuriy,UKR,12,KINDLER Frederic,GER,15,KINDLER Frederic
Preliminary 64,REN Junming,HKG,5,HEATHCOCK Antonio,USA,15,HEATHCOCK Antonio
Preliminary 64,HOSHINO Kento,JPN,13,REA Mattia,ITA,15,REA Mattia
Preliminary 64,GIRAULT Evann Jean Abba,NIG,15,DECSI Tamas,HUN,8,GIRAULT Evann Jean Abba
Preliminary 64,DEARY William,GBR,15,SCHNEIDER Benno,GER,9,DEARY William
Preliminary 64,ALMUTAIRI Adel,KSA,3,YAGODKA Andriy,UKR,15,YAGODKA Andriy
Preliminary 64,BONAH Luis,GER,8,SEITZ Tom,FRA,15,SEITZ Tom
Preliminary 64,GARRIGUE Remi,FRA,14,ZMAU Alexandru,ROU,15,ZMAU Alexandru
Preliminary 64,LIN Xiao,CHN,9,RABB Krisztian,HUN,15,RABB Krisztian
Preliminary 64,MACKIEWICZ Andrew,USA,15,GELINAS Marc,CAN,4,MACKIEWICZ Andrew
Preliminary 64,DOLEGIEWICZ Filip,USA,15,CRESPO Christian,VEN,7,DOLEGIEWICZ Filip
Preliminary 64,COHEN Josef,USA,4,AMER Mohamed,EGY,15,AMER Mohamed
Preliminary 64,CUELLAR Sebastian,COL,13,MOATAZ Adham,EGY,15,MOATAZ Adham
Preliminary 64,HRYCIUK Szymon,POL,9,SHEN Chenpeng,CHN,15,SHEN Chenpeng
Preliminary 64,TOKUNAN Kenta,JPN,15,YAN Yinghui,CHN,8,TOKUNAN Kenta
Preliminary 64,ALAMR Mohammed,KSA,3,SINGH Karan Singh,IND,15,SINGH Karan Singh
Preliminary 64,HA Hansol,KOR,15,LEUNG Tin Ching,HKG,8,HA Hansol
Preliminary 64,LAMBERT Maxence,FRA,15,DI TELLA Pascual Maria,ARG,13,LAMBERT Maxence
Preliminary 64,HAYNES Luke,GBR,7,DRAGOMIR George,ROU,15,DRAGOMIR George
Preliminary 64,GORDON Shaul,CAN,11,NUCCIO Riccardo,ITA,15,NUCCIO Riccardo
Preliminary 64,KEMPF Lorenz,GER,15,CANTINI Edoardo,ITA,14,KEMPF Lorenz
Preliminary 64,STATSENKO Oleksiy,UKR,15,STREETS Kaito,JPN,13,STATSENKO Oleksiy
Preliminary 64,KACZKOWSKI Krzysztof,POL,11,PATRICE Jean-Philippe,FRA,15,PATRICE Jean-Philippe
Preliminary 64,ANASIZ Muhammed,TUR,10,BERRE' Enrico,ITA,15,BERRE' Enrico
Preliminary 64,LIANG Jianhao,CHN,15,YAMAN Furkan,TUR,9,LIANG Jianhao
Preliminary 64,CIDU Matei,ROU,13,BAHER ARASBARAN Farzad,IRI,15,BAHER ARASBARAN Farzad
Preliminary 64,BAZADZE Beka,GEO,15,FOTOUHI Mohammad,IRI,10,BAZADZE Beka
Preliminary 64,BRAVO Inaki,ESP,5,ILIASZ Nicolas,HUN,15,ILIASZ Nicolas
Preliminary 64,MORRILL William,USA,12,AYMURATOV Musa,UZB,15,AYMURATOV Musa
Preliminary 64,SUNG Hyeonmo,KOR,15,XU Yingming,CHN,13,SUNG Hyeonmo
Preliminary 64,SEEFELD Eric Simon,GER,9,GEMESI Csanad,HUN,15,GEMESI Csanad
Preliminary 64,CABALLERO Rogelio,ESP,14,KOKUBO Mao,JPN,15,KOKUBO Mao
Main 64,BAZADZE Sandro,GEO,15,HA Hansol,KOR,12,BAZADZE Sandro
Main 64,KOKUBO Mao,JPN,9,PARK Sangwon,KOR,15,PARK Sangwon
Main 64,SARON Mitchell,USA,15,TOKUNAN Kenta,JPN,7,SARON Mitchell
Main 64,HEATHCOCK Antonio,USA,14,ELSISSY Ziad,EGY,15,ELSISSY Ziad
Main 64,GU Bongil,KOR,15,SUNG Hyeonmo,KOR,12,GU Bongil
Main 64,AMER Mohamed,EGY,9,YILDIRIM Enver,TUR,15,YILDIRIM Enver
Main 64,BONAH Raoul,GER,15,KEMPF Lorenz,GER,3,BONAH Raoul
Main 64,REA Mattia,ITA,4,APITHY Bolade,FRA,15,APITHY Bolade
Main 64,PIANFETTI Maxime,FRA,15,KINDLER Frederic,GER,12,PIANFETTI Maxime
Main 64,ZMAU Alexandru,ROU,6,REPETTI Giovanni,ITA,15,REPETTI Giovanni
Main 64,NERI Matteo,ITA,13,SHEN Chenpeng,CHN,15,SHEN Chenpeng
Main 64,SEITZ Tom,FRA,15,GALLO Michele,ITA,12,SEITZ Tom
Main 64,SZATMARI Andras,HUN,15,MACKIEWICZ Andrew,USA,9,SZATMARI Andras
Main 64,BAZADZE Beka,GEO,5,BIBI Eliott,FRA,0,BAZADZE Beka
Main 64,DO Gyeongdong,KOR,15,LIANG Jianhao,CHN,13,DO Gyeongdong
Main 64,RABB Krisztian,HUN,8,OH Sanguk,KOR,15,OH Sanguk
Main 64,SAMELE Luigi,ITA,14,GIRAULT Evann Jean Abba,NIG,15,GIRAULT Evann Jean Abba
Main 64,BERRE' Enrico,ITA,15,DODDO Andrew,USA,11,BERRE' Enrico
Main 64,TORRE Pietro,ITA,15,YAGODKA Andriy,UKR,11,TORRE Pietro
Main 64,LAMBERT Maxence,FRA,13,KIM Junghwan,KOR,15,KIM Junghwan
Main 64,SZABO Matyas,GER,15,STATSENKO Oleksiy,UKR,13,SZABO Matyas
Main 64,DOLEGIEWICZ Filip,USA,11,KIM Junho,KOR,15,KIM Junho
Main 64,ALSHAMLAN Yousef,KUW,15,ILIASZ Nicolas,HUN,6,ALSHAMLAN Yousef
Main 64,MOATAZ Adham,EGY,11,CURATOLI Luca,ITA,15,CURATOLI Luca
Main 64,TEODOSIU Iulian,ROU,15,AYMURATOV Musa,UZB,10,TEODOSIU Iulian
Main 64,DEARY William,GBR,10,CAVALIERE Dario,ITA,15,CAVALIERE Dario
Main 64,HEATHCOCK Colin,USA,9,NUCCIO Riccardo,ITA,15,NUCCIO Riccardo
Main 64,DRAGOMIR George,ROU,15,DERSHWITZ Eli,USA,7,DRAGOMIR George
Main 64,PAKDAMAN Ali,IRI,15,GEMESI Csanad,HUN,8,PAKDAMAN Ali
Main 64,BAHER ARASBARAN Farzad,IRI,7,PATRICE Sebastien,FRA,15,PATRICE Sebastien
Main 64,WILLIAMS Grant,USA,14,SINGH Karan Singh,IND,15,SINGH Karan Singh
Main 64,PATRICE Jean-Philippe,FRA,9,SZILAGYI Aron,HUN,15,SZILAGYI Aron
Main 32,BAZADZE Sandro,GEO,15,PARK Sangwon,KOR,11,BAZADZE Sandro
Main 32,SARON Mitchell,USA,15,ELSISSY Ziad,EGY,12,SARON Mitchell
Main 32,GU Bongil,KOR,15,YILDIRIM Enver,TUR,12,GU Bongil
Main 32,BONAH Raoul,GER,11,APITHY Bolade,FRA,15,APITHY Bolade
Main 32,PIANFETTI Maxime,FRA,15,REPETTI Giovanni,ITA,12,PIANFETTI Maxime
Main 32,SHEN Chenpeng,CHN,11,SEITZ Tom,FRA,15,SEITZ Tom
Main 32,SZATMARI Andras,HUN,15,BAZADZE Beka,GEO,7,SZATMARI Andras
Main 32,DO Gyeongdong,KOR,10,OH Sanguk,KOR,15,OH Sanguk
Main 32,GIRAULT Evann Jean Abba,NIG,4,BERRE' Enrico,ITA,15,BERRE' Enrico
Main 32,TORRE Pietro,ITA,15,KIM Junghwan,KOR,7,TORRE Pietro
Main 32,SZABO Matyas,GER,12,KIM Junho,KOR,15,KIM Junho
Main 32,ALSHAMLAN Yousef,KUW,13,CURATOLI Luca,ITA,15,CURATOLI Luca
Main 32,TEODOSIU Iulian,ROU,15,CAVALIERE Dario,ITA,13,TEODOSIU Iulian
Main 32,NUCCIO Riccardo,ITA,15,DRAGOMIR George,ROU,7,NUCCIO Riccardo
Main 32,PAKDAMAN Ali,IRI,15,PATRICE Sebastien,FRA,10,PAKDAMAN Ali
Main 32,SINGH Karan Singh,IND,9,SZILAGYI Aron,HUN,15,SZILAGYI Aron
Main 16,BAZADZE Sandro,GEO,15,SARON Mitchell,USA,12,BAZADZE Sandro
Main 16,GU Bongil,KOR,8,APITHY Bolade,FRA,15,APITHY Bolade
Main 16,PIANFETTI Maxime,FRA,15,SEITZ Tom,FRA,10,PIANFETTI Maxime
Main 16,SZATMARI Andras,HUN,15,OH Sanguk,KOR,14,SZATMARI Andras
Main 16,BERRE' Enrico,ITA,15,TORRE Pietro,ITA,10,BERRE' Enrico
Main 16,KIM Junho,KOR,15,CURATOLI Luca,ITA,11,KIM Junho
Main 16,TEODOSIU Iulian,ROU,12,NUCCIO Riccardo,ITA,15,NUCCIO Riccardo
Main 16,PAKDAMAN Ali,IRI,15,SZILAGYI Aron,HUN,14,PAKDAMAN Ali
Quarterfinals,BAZADZE Sandro,GEO,15,APITHY Bolade,FRA,10,BAZADZE Sandro
Quarterfinals,PIANFETTI Maxime,FRA,15,SZATMARI Andras,HUN,10,PIANFETTI Maxime
Quarterfinals,BERRE' Enrico,ITA,15,KIM Junho,KOR,13,BERRE' Enrico
Quarterfinals,NUCCIO Riccardo,ITA,15,PAKDAMAN Ali,IRI,14,NUCCIO Riccardo
Semifinals,BAZADZE Sandro,GEO,15,PIANFETTI Maxime,FRA,11,BAZADZE Sandro
Semifinals,BERRE' Enrico,ITA,6,NUCCIO Riccardo,ITA,15,NUCCIO Riccardo
Final,BAZADZE Sandro,GEO,15,NUCCIO Riccardo,ITA,6,BAZADZE Sandro