Round,Fencer A Name,Fencer A Country,Fencer A Score,Fencer B Name,Fencer B Country,Fencer B Score,Winner
Preliminary 128,MATEEV Andri Nikolaysson,ISL,15,N/A,N/A,N/A,MATEEV Andri Nikolaysson
Preliminary 128,LEE Dohun,KOR,15,BURGUNDER Quinten,USA,12,LEE Dohun
Preliminary 128,CHANG Chi Hin Cyrus,HKG,15,N/A,N/A,N/A,CHANG Chi Hin Cyrus
Preliminary 128,BONSANTO Francesco,ITA,15,N/A,N/A,N/A,BONSANTO Francesco
Preliminary 128,PARK Taeyoung,KOR,15,N/A,N/A,N/A,PARK Taeyoung
Preliminary 128,YU Sugwan,KOR,15,N/A,N/A,N/A,YU Sugwan
Preliminary 128,MATSUNAGA Kengo,JPN,15,N/A,N/A,N/A,MATSUNAGA Kengo
Preliminary 128,PARK Hajun,KOR,15,N/A,N/A,N/A,PARK Hajun
Preliminary 128,HA Hansol,KOR,15,N/A,N/A,N/A,HA Hansol
Preliminary 128,LIM Jaeyoon,KOR,15,FERJANI Ahmed,TUN,13,LIM Jaeyoon
Preliminary 128,BOUREAU Paco,FRA,15,N/A,N/A,N/A,BOUREAU Paco
Preliminary 128,FERNANDEZ BLANCO Oscar,ESP,15,N/A,N/A,N/A,FERNANDEZ BLANCO Oscar
Preliminary 128,WANG Nicolas,USA,15,N/A,N/A,N/A,WANG Nicolas
Preliminary 128,ESCUETA Antonio,USA,15,N/A,N/A,N/A,ESCUETA Antonio
Preliminary 128,JUNG Jaeseung,KOR,15,BROWN Alex,AUS,14,JUNG Jaeseung
Preliminary 128,DOLEGIEWICZ Filip,USA,15,N/A,N/A,N/A,DOLEGIEWICZ Filip
Preliminary 128,HYUN Jun,KOR,15,N/A,N/A,N/A,HYUN Jun
Preliminary 128,MASTRULLO Marco,ITA,13,TSUBO Hayato,JPN,15,TSUBO Hayato
Preliminary 128,ABDELAAL Mohamed,EGY,15,N/A,N/A,N/A,ABDELAAL Mohamed
Preliminary 128,RIKITAKE Yuto,JPN,15,N/A,N/A,N/A,RIKITAKE Yuto
Preliminary 128,HEATHCOCK Antonio,USA,15,N/A,N/A,N/A,HEATHCOCK Antonio
Preliminary 128,DECSI Tamas,HUN,15,N/A,N/A,N/A,DECSI Tamas
Preliminary 128,BONAH Luis,GER,13,HORVATH Gergo,HUN,15,HORVATH Gergo
Preliminary 128,GARRIGUE Remi,FRA,15,N/A,N/A,N/A,GARRIGUE Remi
Preliminary 128,PARK Sangwon,KOR,15,N/A,N/A,N/A,PARK Sangwon
Preliminary 128,NABIYEV Zhanat,KAZ,4,FOTOUHI Mohammad,IRI,15,FOTOUHI Mohammad
Preliminary 128,SATTARKHAN Nazarbay,KAZ,15,N/A,N/A,N/A,SATTARKHAN Nazarbay
Preliminary 128,MARTINE Thomas,FRA,15,N/A,N/A,N/A,MARTINE Thomas
Preliminary 128,NERI Matteo,ITA,15,N/A,N/A,N/A,NERI Matteo
Preliminary 128,HONG Dongyeol,KOR,15,N/A,N/A,N/A,HONG Dongyeol
Preliminary 128,DAN Wei Zuo,SGP,12,SEEFELD Eric Simon,GER,15,SEEFELD Eric Simon
Preliminary 128,SHEN Chenpeng,CHN,15,N/A,N/A,N/A,SHEN Chenpeng
Preliminary 128,MADRIGAL Santiago,ESP,15,N/A,N/A,N/A,MADRIGAL Santiago
Preliminary 128,EMURA Ryohei,JPN,15,WIRIYATANGSAKUL Panachai,THA,8,EMURA Ryohei
Preliminary 128,YAGODKA Andriy,UKR,15,N/A,N/A,N/A,YAGODKA Andriy
Preliminary 128,CAVALIERE Dario,ITA,15,N/A,N/A,N/A,CAVALIERE Dario
Preliminary 128,LIM Giryong,KOR,15,N/A,N/A,N/A,LIM Giryong
Preliminary 128,BEN AVRAM Lev,USA,15,N/A,N/A,N/A,BEN AVRAM Lev
Preliminary 128,SARKISSYAN Artyom,KAZ,15,YOON Sunghyun,KOR,12,SARKISSYAN Artyom
Preliminary 128,TORRE Pietro,ITA,15,N/A,N/A,N/A,TORRE Pietro
Preliminary 128,KURALBEKULY Bakdaulet,KAZ,15,N/A,N/A,N/A,KURALBEKULY Bakdaulet
Preliminary 128,CHUPRAKOV Artur,KAZ,15,ALMUTAIRI Adel,KSA,12,CHUPRAKOV Artur
Preliminary 128,KIM Byungsoo,KOR,15,N/A,N/A,N/A,KIM Byungsoo
Preliminary 128,RABB Krisztian,HUN,15,N/A,N/A,N/A,RABB Krisztian
Preliminary 128,SUNG Hyeonmo,KOR,15,N/A,N/A,N/A,SUNG Hyeonmo
Preliminary 128,MIGNUZZI Giacomo,ITA,15,N/A,N/A,N/A,MIGNUZZI Giacomo
Preliminary 128,BAHER ARASBARAN Farzad,IRI,12,ALAMR Mohammed,KSA,15,ALAMR Mohammed
Preliminary 128,TOKUNAN Kenta,JPN,15,N/A,N/A,N/A,TOKUNAN Kenta
Preliminary 128,KIM Junhyeong,KOR,15,N/A,N/A,N/A,KIM Junhyeong
Preliminary 128,DAI Rui,CHN,15,PONGDEE Pakarn,THA,8,DAI Rui
Preliminary 128,WANG Tianhao,CHN,15,N/A,N/A,N/A,WANG Tianhao
Preliminary 128,BIBI Eliott,FRA,15,N/A,N/A,N/A,BIBI Eliott
Preliminary 128,CHAN Lok Hei Royce,HKG,15,N/A,N/A,N/A,CHAN Lok Hei Royce
Preliminary 128,LEE Hyeokjun,KOR,15,N/A,N/A,N/A,LEE Hyeokjun
Preliminary 128,KIM Jaewon,KOR,9,TSUMORI Shido,JPN,15,TSUMORI Shido
Preliminary 128,HERNANDEZ CABALLERO Andres,ESP,15,N/A,N/A,N/A,HERNANDEZ CABALLERO Andres
Preliminary 128,SCHLAFFER Leon,GER,15,N/A,N/A,N/A,SCHLAFFER Leon
Preliminary 128,STREETS Kaito,JPN,15,N/A,N/A,N/A,STREETS Kaito
Preliminary 128,LAMBERT Maxence,FRA,15,N/A,N/A,N/A,LAMBERT Maxence
Preliminary 128,KATO Hibiki,JPN,15,N/A,N/A,N/A,KATO Hibiki
Preliminary 128,BERRE' Enrico,ITA,15,N/A,N/A,N/A,BERRE' Enrico
Preliminary 128,LOW Ho Tin,HKG,15,N/A,N/A,N/A,LOW Ho Tin
Preliminary 128,YU Sugeun,KOR,14,HIWATASHI Reo,JPN,15,HIWATASHI Reo
Preliminary 128,SEITZ Tom,FRA,15,N/A,N/A,N/A,SEITZ Tom
Preliminary 64,MATEEV Andri Nikolaysson,ISL,15,LEE Dohun,KOR,13,MATEEV Andri Nikolaysson
Preliminary 64,CHANG Chi Hin Cyrus,HKG,15,BONSANTO Francesco,ITA,9,CHANG Chi Hin Cyrus
Preliminary 64,PARK Taeyoung,KOR,15,YU Sugwan,KOR,6,PARK Taeyoung
Preliminary 64,MATSUNAGA Kengo,JPN,15,PARK Hajun,KOR,10,MATSUNAGA Kengo
Preliminary 64,HA Hansol,KOR,15,LIM Jaeyoon,KOR,10,HA Hansol
Preliminary 64,BOUREAU Paco,FRA,15,FERNANDEZ BLANCO Oscar,ESP,4,BOUREAU Paco
Preliminary 64,WANG Nicolas,USA,15,ESCUETA Antonio,USA,8,WANG Nicolas
Preliminary 64,JUNG Jaeseung,KOR,6,DOLEGIEWICZ Filip,USA,15,DOLEGIEWICZ Filip
Preliminary 64,HYUN Jun,KOR,7,TSUBO Hayato,JPN,15,TSUBO Hayato
Preliminary 64,ABDELAAL Mohamed,EGY,15,RIKITAKE Yuto,JPN,6,ABDELAAL Mohamed
Preliminary 64,HEATHCOCK Antonio,USA,15,DECSI Tamas,HUN,14,HEATHCOCK Antonio
Preliminary 64,HORVATH Gergo,HUN,9,GARRIGUE Remi,FRA,15,GARRIGUE Remi
Preliminary 64,PARK Sangwon,KOR,15,FOTOUHI Mohammad,IRI,12,PARK Sangwon
Preliminary 64,SATTARKHAN Nazarbay,KAZ,11,MARTINE Thomas,FRA,15,MARTINE Thomas
Preliminary 64,NERI Matteo,ITA,15,HONG Dongyeol,KOR,5,NERI Matteo
Preliminary 64,SEEFELD Eric Simon,GER,6,SHEN Chenpeng,CHN,15,SHEN Chenpeng
Preliminary 64,MADRIGAL Santiago,ESP,15,EMURA Ryohei,JPN,12,MADRIGAL Santiago
Preliminary 64,YAGODKA Andriy,UKR,15,CAVALIERE Dario,ITA,13,YAGODKA Andriy
Preliminary 64,LIM Giryong,KOR,6,BEN AVRAM Lev,USA,15,BEN AVRAM Lev
Preliminary 64,SARKISSYAN Artyom,KAZ,15,TORRE Pietro,ITA,12,SARKISSYAN Artyom
Preliminary 64,KURALBEKULY Bakdaulet,KAZ,15,CHUPRAKOV Artur,KAZ,10,KURALBEKULY Bakdaulet
Preliminary 64,KIM Byungsoo,KOR,3,RABB Kris Posting Krisztian,HUN,15,RABB Krisztian
Preliminary 64,SUNG Hyeonmo,KOR,15,MIGNUZZI Giacomo,ITA,13,SUNG Hyeonmo
Preliminary 64,ALAMR Mohammed,KSA,5,TOKUNAN Kenta,JPN,15,TOKUNAN Kenta
Preliminary 64,KIM Junhyeong,KOR,15,DAI Rui,CHN,9,KIM Junhyeong
Preliminary 64,WANG Tianhao,CHN,15,BIBI Eliott,FRA,13,WANG Tianhao
Preliminary 64,CHAN Lok Hei Royce,HKG,15,LEE Hyeokjun,KOR,7,CHAN Lok Hei Royce
Preliminary 64,TSUMORI Shido,JPN,12,HERNANDEZ CABALLERO Andres,ESP,15,HERNANDEZ CABALLERO Andres
Preliminary 64,SCHLAFFER Leon,GER,3,STREETS Kaito,JPN,15,STREETS Kaito
Preliminary 64,LAMBERT Maxence,FRA,13,KATO Hibiki,JPN,15,KATO Hibiki
Preliminary 64,BERRE' Enrico,ITA,15,LOW Ho Tin,HKG,14,BERRE' Enrico
Preliminary 64,HIWATASHI Reo,JPN,15,SEITZ Tom,FRA,12,HIWATASHI Reo
Main 64,BAZADZE Sandro,GEO,15,HIWATASHI Reo,JPN,8,BAZADZE Sandro
Main 64,MATEEV Andri Nikolaysson,ISL,4,JEONG Hangil,KOR,15,JEONG Hangil
Main 64,GU Bongil,KOR,15,RABB Krisztian,HUN,10,GU Bongil
Main 64,CHAN Lok Hei Royce,HKG,8,GALLO Michele,ITA,15,GALLO Michele
Main 64,APITHY Bolade,FRA,15,ABDELAAL Mohamed,EGY,5,APITHY Bolade
Main 64,KURALBEKULY Bakdaulet,KAZ,6,ARFA Fares,CAN,15,ARFA Fares
Main 64,REPETTI Giovanni,ITA,15,HERNANDEZ CABALLERO Andres,ESP,6,REPETTI Giovanni
Main 64,WANG Tianhao,CHN,5,SZABO Matyas,GER,15,SZABO Matyas
Main 64,HEATHCOCK Colin,USA,15,MATSUNAGA Kengo,JPN,14,HEATHCOCK Colin
Main 64,KIM Junhyeong,KOR,12,ILIASZ Nicolas,HUN,15,ILIASZ Nicolas
Main 64,KINDLER Frederic,GER,15,PARK Taeyoung,KOR,9,KINDLER Frederic
Main 64,BERRE' Enrico,ITA,8,FERJANI Fares,TUN,15,FERJANI Fares
Main 64,BAHGAT Adham,EGY,15,NERI Matteo,ITA,11,BAHGAT Adham
Main 64,KATO Hibiki,JPN,10,DO Gyeongdong,KOR,15,DO Gyeongdong
Main 64,YILDIRIM Enver,TUR,15,TOKUNAN Kenta,JPN,13,YILDIRIM Enver
Main 64,SARKISSYAN Artyom,KAZ,2,PAKDAMAN Ali,IRI,15,PAKDAMAN Ali
Main 64,OH Sanguk,KOR,15,STREETS Kaito,JPN,14,OH Sanguk
Main 64,SHEN Chenpeng,CHN,15,METHNER Philipp,GER,7,SHEN Chenpeng
Main 64,RAHBARI Mohammad,IRI,7,MARTINE Thomas,FRA,15,MARTINE Thomas
Main 64,SUNG Hyeonmo,KOR,6,CURATOLI Luca,ITA,15,CURATOLI Luca
Main 64,PIANFETTI Maxime,FRA,15,CHANG Chi Hin Cyrus,HKG,8,PIANFETTI Maxime
Main 64,PARK Sangwon,KOR,8,KOKUBO Mao,JPN,15,KOKUBO Mao
Main 64,OLLIVIER Leandre,FRA,13,DOLEGIEWICZ Filip,USA,15,DOLEGIEWICZ Filip
Main 64,BEN AVRAM Lev,USA,7,DERSHWITZ Eli,USA,15,DERSHWITZ Eli
Main 64,PATRICE Sebastien,FRA,15,BOUREAU Paco,FRA,6,PATRICE Sebastien
Main 64,HA Hansol,KOR,15,MORRILL William,USA,7,HA Hansol
Main 64,SARON Mitchell,USA,15,GARRIGUE Remi,FRA,8,SARON Mitchell
Main 64,YAGODKA Andriy,UKR,15,SAMELE Luigi,ITA,14,YAGODKA Andriy
Main 64,YOSHIDA Kento,JPN,15,WANG Nicolas,USA,3,YOSHIDA Kento
Main 64,HEATHCOCK Antonio,USA,8,PATRICE Jean-Philippe,FRA,15,PATRICE Jean-Philippe
Main 64,REA Mattia,ITA,15,MADRIGAL Santiago,ESP,7,REA Mattia
Main 64,TSUBO Hayato,JPN,10,ELSISSY Ziad,EGY,15,ELSISSY Ziad
Main 32,BAZADZE Sandro,GEO,15,JEONG Hangil,KOR,6,BAZADZE Sandro
Main 32,GU Bongil,KOR,15,GALLO Michele,ITA,9,GU Bongil
Main 32,APITHY Bolade,FRA,15,ARFA Fares,CAN,8,APITHY Bolade
Main 32,REPETTI Giovanni,ITA,9,SZABO Matyas,GER,15,SZABO Matyas
Main 32,HEATHCOCK Colin,USA,15,ILIASZ Nicolas,HUN,8,HEATHCOCK Colin
Main 32,KINDLER Frederic,GER,11,FERJANI Fares,TUN,15,FERJANI Fares
Main 32,BAHGAT Adham,EGY,15,DO Gyeongdong,KOR,12,BAHGAT Adham
Main 32,YILDIRIM Enver,TUR,7,PAKDAMAN Ali,IRI,15,PAKDAMAN Ali
Main 32,OH Sanguk,KOR,15,SHEN Chenpeng,CHN,6,OH Sanguk
Main 32,MARTINE Thomas,FRA,11,CURATOLI Luca,ITA,15,CURATOLI Luca
Main 32,PIANFETTI Maxime,FRA,15,KOKUBO Mao,JPN,8,PIANFETTI Maxime
Main 32,DOLEGIEWICZ Filip,USA,15,DERSHWITZ Eli,USA,10,DOLEGIEWICZ Filip
Main 32,PATRICE Sebastien,FRA,15,HA Hansol,KOR,14,PATRICE Sebastien
Main 32,SARON Mitchell,USA,11,YAGODKA Andriy,UKR,15,YAGODKA Andriy
Main 32,YOSHIDA Kento,JPN,8,PATRICE Jean-Philippe,FRA,15,PATRICE Jean-Philippe
Main 32,REA Mattia,ITA,5,ELSISSY Ziad,EGY,15,ELSISSY Ziad
Main 16,BAZADZE Sandro,GEO,15,GU Bongil,KOR,12,BAZADZE Sandro
Main 16,APITHY Bolade,FRA,15,SZABO Matyas,GER,12,APITHY Bolade
Main 16,HEATHCOCK Colin,USA,15,FERJANI Fares,TUN,12,HEATHCOCK Colin
Main 16,BAHGAT Adham,EGY,15,PAKDAMAN Ali,IRI,14,BAHGAT Adham
Main 16,OH Sanguk,KOR,15,CURATOLI Luca,ITA,11,OH Sanguk
Main 16,PIANFETTI Maxime,FRA,14,DOLEGIEWICZ Filip,USA,15,DOLEGIEWICZ Filip
Main 16,PATRICE Sebastien,FRA,15,YAGODKA Andriy,UKR,11,PATRICE Sebastien
Main 16,PATRICE Jean-Philippe,FRA,11,ELSISSY Ziad,EGY,15,ELSISSY Ziad
Quarterfinals,BAZADZE Sandro,GEO,15,APITHY Bolade,FRA,8,BAZADZE Sandro
Quarterfinals,HEATHCOCK Colin,USA,15,BAHGAT Adham,EGY,14,HEATHCOCK Colin
Quarterfinals,OH Sanguk,KOR,12,DOLEGIEWICZ Filip,USA,15,DOLEGIEWICZ Filip
Quarterfinals,PATRICE Sebastien,FRA,8,ELSISSY Ziad,EGY,15,ELSISSY Ziad
Semifinals,BAZADZE Sandro,GEO,15,HEATHCOCK Colin,USA,13,BAZADZE Sandro
Semifinals,DOLEGIEWICZ Filip,USA,14,ELSISSY Ziad,EGY,15,ELSISSY Ziad
Final,BAZADZE Sandro,GEO,13,ELSISSY Ziad,EGY,15,ELSISSY Ziad