Round,Fencer A Name,Fencer A Country,Fencer A Score,Fencer B Name,Fencer B Country,Fencer B Score,Winner
Preliminary 128,NUCCIO Riccardo,ITA,15,N/A,N/A,N/A,NUCCIO Riccardo
Preliminary 128,MAMUTOV Sherzod,UZB,15,YAMAN Furkan,TUR,13,MAMUTOV Sherzod
Preliminary 128,FOTOUHI Mohammad,IRI,15,CHANG Chi Hin Cyrus,HKG,9,FOTOUHI Mohammad
Preliminary 128,SEE Jorelle Zhuo Rui,SGP,10,MANDOV Ivan,BUL,15,MANDOV Ivan
Preliminary 128,DEARY William,GBR,15,N/A,N/A,N/A,DEARY William
Preliminary 128,KAFATARIDIS Dimitrios,GRE,8,STATSENKO Oleksiy,UKR,15,STATSENKO Oleksiy
Preliminary 128,KUMARESAN PADMA Gisho Nidhi,IND,15,MEDINA Hender,VEN,7,KUMARESAN PADMA Gisho Nidhi
Preliminary 128,KRAJNC Peter,SLO,15,N/A,N/A,N/A,KRAJNC Peter
Preliminary 128,DRAGOMIR George,ROU,15,N/A,N/A,N/A,DRAGOMIR George
Preliminary 128,CORREA VILA Luis,COL,15,AYALA Julian,MEX,8,CORREA VILA Luis
Preliminary 128,WONG Tzer Chyuan,MAS,11,ROMO Brandon,MEX,15,ROMO Brandon
Preliminary 128,LIANG Jianhao,CHN,15,N/A,N/A,N/A,LIANG Jianhao
Preliminary 128,KOKUBO Mao,JPN,15,BOUNCHADA Zacharia,ALG,12,KOKUBO Mao
Preliminary 128,MONSALVA Roberto,CHI,5,SINGH Karan Singh,IND,15,SINGH Karan Singh
Preliminary 128,LOH Lucius Kai Wei,SGP,15,KIRIMLIDIS Michalis,IRL,11,LOH Lucius Kai Wei
Preliminary 128,SATTARKHAN Nazarbay,KAZ,15,N/A,N/A,N/A,SATTARKHAN Nazarbay
Preliminary 128,STREETS Kaito,JPN,15,N/A,N/A,N/A,STREETS Kaito
Preliminary 128,KALENDER Muhammed Furkan,TUR,15,RAKHMANALI Mukhamedali,KAZ,6,KALENDER Muhammed Furkan
Preliminary 128,MATEEV Andri Nikolaysson,ISL,15,AL-NASSER Mahmoud,JOR,10,MATEEV Andri Nikolaysson
Preliminary 128,BAHAMONDE Manuel,CHI,15,WESTERN REYES Rafael,PUR,10,BAHAMONDE Manuel
Preliminary 128,DESROSIERS Olivier,CAN,15,N/A,N/A,N/A,DESROSIERS Olivier
Preliminary 128,KONTOEIDIS Panagiotis,GRE,13,GIRAULT Evann Jean Abba,NIG,15,GIRAULT Evann Jean Abba
Preliminary 128,BRAVO Inaki,ESP,15,RAIKIN Dimitar,BUL,6,BRAVO Inaki
Preliminary 128,NABIYEV Zhanat,KAZ,15,N/A,N/A,N/A,NABIYEV Zhanat
Preliminary 128,FERNANDEZ BLANCO Oscar,ESP,15,N/A,N/A,N/A,FERNANDEZ BLANCO Oscar
Preliminary 128,ALMANSAF Abdullah,KSA,12,STASIAK Olaf,POL,15,STASIAK Olaf
Preliminary 128,TSAP Yuriy,UKR,15,ALAMR Mohammed,KSA,11,TSAP Yuriy
Preliminary 128,ROMERO Eliecer,VEN,15,N/A,N/A,N/A,ROMERO Eliecer
Preliminary 128,FRUMGARZTS David,ISR,15,DICK Jadryn,IRL,10,FRUMGARZTS David
Preliminary 128,EVANS Detroit,NZL,5,MOATAZ Adham,EGY,15,MOATAZ Adham
Preliminary 128,BONAH Luis,GER,15,ABDULKAREEM Mohammed,KUW,11,BONAH Luis
Preliminary 128,SARKISSYAN Artyom,KAZ,15,N/A,N/A,N/A,SARKISSYAN Artyom
Preliminary 128,ALSHAMLAN Yousef,KUW,15,N/A,N/A,N/A,ALSHAMLAN Yousef
Preliminary 128,ARCHVADZE Vakhtangi,GEO,15,DE ROBBIO Francesco,CRO,13,ARCHVADZE Vakhtangi
Preliminary 128,HERNANDEZ CABALLERO Andres,ESP,15,CACEK Matyas,CZE,11,HERNANDEZ CABALLERO Andres
Preliminary 128,QUINTERO Jose,VEN,7,SARON Mitchell,USA,15,SARON Mitchell
Preliminary 128,CIDU Matei,ROU,15,N/A,N/A,N/A,CIDU Matei
Preliminary 128,FILEV Viktor,BUL,15,FERJANI Ahmed,TUN,7,FILEV Viktor
Preliminary 128,NITU Radu,ROU,15,ANDREWS Sean,AUS,4,NITU Radu
Preliminary 128,ZEA Gibran,MEX,15,N/A,N/A,N/A,ZEA Gibran
Preliminary 128,KODIROV Zuhriddin,UZB,15,N/A,N/A,N/A,KODIROV Zuhriddin
Preliminary 128,ALQUDIHI Ahmed,KSA,8,PEKELMAN Bruno,BRA,15,PEKELMAN Bruno
Preliminary 128,YAN Yinghui,CHN,10,STOYCHEV Todor,BUL,15,STOYCHEV Todor
Preliminary 128,SZCZEPANIK Piotr,POL,15,N/A,N/A,N/A,SZCZEPANIK Piotr
Preliminary 128,BAHER ARASBARAN Farzad,IRI,15,DAN Wei Zuo,SGP,13,BAHER ARASBARAN Farzad
Preliminary 128,HOWELL Casper,NZL,4,ARFA Fares,CAN,15,ARFA Fares
Preliminary 128,CHOW Chung Hei,HKG,15,ABDAZOV Islambek,UZB,13,CHOW Chung Hei
Preliminary 128,DECSI Tamas,HUN,15,N/A,N/A,N/A,DECSI Tamas
Preliminary 128,KACZKOWSKI Krzysztof,POL,15,N/A,N/A,N/A,KACZKOWSKI Krzysztof
Preliminary 128,PALACIOS MURILLO Mario Alberto,COL,15,SALLES Fabio,BRA,11,PALACIOS MURILLO Mario Alberto
Preliminary 128,HRYCIUK Szymon,POL,15,LOO Wei Hao Nicholas,SGP,4,HRYCIUK Szymon
Preliminary 128,DI MARTINO Pietro Jose,ARG,8,CUELLAR Sebastian,COL,15,CUELLAR Sebastian
Preliminary 128,DODDO Andrew,USA,15,N/A,N/A,N/A,DODDO Andrew
Preliminary 128,ANASIZ Muhammed,TUR,15,TCHEISHVILI Nikoloz,GEO,9,ANASIZ Muhammed
Preliminary 128,BAZADZE Beka,GEO,15,CAUCHON Francois,CAN,7,BAZADZE Beka
Preliminary 128,THAPAR Vishal,IND,15,N/A,N/A,N/A,THAPAR Vishal
Preliminary 128,DI TELLA Pascual Maria,ARG,15,N/A,N/A,N/A,DI TELLA Pascual Maria
Preliminary 128,HOWES Nicholas,GBR,7,HA Hansol,KOR,15,HA Hansol
Preliminary 128,BIBI Eliott,FRA,15,ALMUTAIRI Adel,KSA,12,BIBI Eliott
Preliminary 128,HO Sze Long Aaron,HKG,15,N/A,N/A,N/A,HO Sze Long Aaron
Preliminary 128,KINDLER Frederic,GER,15,LUCCHETTI Stefano Ivan,ARG,9,KINDLER Frederic
Preliminary 128,MORALES Josue,MEX,7,MADRIGAL Santiago,ESP,15,MADRIGAL Santiago
Preliminary 128,WEBB Jonathan,GBR,9,LOW Ho Tin,HKG,15,LOW Ho Tin
Preliminary 128,AYMURATOV Musa,UZB,15,N/A,N/A,N/A,AYMURATOV Musa
Preliminary 64,NUCCIO Riccardo,ITA,15,MAMUTOV Sherzod,UZB,4,NUCCIO Riccardo
Preliminary 64,FOTOUHI Mohammad,IRI,15,MANDOV Ivan,BUL,5,FOTOUHI Mohammad
Preliminary 64,DEARY William,GBR,15,STATSENKO Oleksiy,UKR,6,DEARY William
Preliminary 64,KUMARESAN PADMA Gisho Nidhi,IND,15,KRAJNC Peter,SLO,12,KUMARESAN PADMA Gisho Nidhi
Preliminary 64,DRAGOMIR George,ROU,15,CORREA VILA Luis,COL,6,DRAGOMIR George
Preliminary 64,ROMO Brandon,MEX,6,LIANG Jianhao,CHN,15,LIANG Jianhao
Preliminary 64,KOKUBO Mao,JPN,14,SINGH Karan Singh,IND,15,SINGH Karan Singh
Preliminary 64,LOH Lucius Kai Wei,SGP,10,SATTARKHAN Nazarbay,KAZ,15,SATTARKHAN Nazarbay
Preliminary 64,STREETS Kaito,JPN,15,KALENDER Muhammed Furkan,TUR,9,STREETS Kaito
Preliminary 64,MATEEV Andri Nikolaysson,ISL,15,BAHAMONDE Manuel,CHI,13,MATEEV Andri Nikolaysson
Preliminary 64,DESROSIERS Olivier,CAN,15,GIRAULT Evann Jean Abba,NIG,5,DESROSIERS Olivier
Preliminary 64,BRAVO Inaki,ESP,15,NABIYEV Zhanat,KAZ,9,BRAVO Inaki
Preliminary 64,FERNANDEZ BLANCO Oscar,ESP,8,STASIAK Olaf,POL,15,STASIAK Olaf
Preliminary 64,TSAP Yuriy,UKR,15,ROMERO Eliecer,VEN,10,TSAP Yuriy
Preliminary 64,FRUMGARZTS David,ISR,2,MOATAZ Adham,EGY,15,MOATAZ Adham
Preliminary 64,BONAH Luis,GER,15,SARKISSYAN Artyom,KAZ,4,BONAH Luis
Preliminary 64,ALSHAMLAN Yousef,KUW,15,ARCHVADZE Vakhtangi,GEO,14,ALSHAMLAN Yousef
Preliminary 64,HERNANDEZ CABALLERO Andres,ESP,9,SARON Mitchell,USA,15,SARON Mitchell
Preliminary 64,CIDU Matei,ROU,15,FILEV Viktor,BUL,6,CIDU Matei
Preliminary 64,NITU Radu,ROU,15,ZEA Gibran,MEX,13,NITU Radu
Preliminary 64,KODIROV Zuhriddin,UZB,15,PEKELMAN Bruno,BRA,11,KODIROV Zuhriddin
Preliminary 64,STOYCHEV Todor,BUL,14,SZCZEPANIK Piotr,POL,15,SZCZEPANIK Piotr
Preliminary 64,BAHER ARASBARAN Farzad,IRI,9,ARFA Fares,CAN,15,ARFA Fares
Preliminary 64,CHOW Chung Hei,HKG,10,DECSI Tamas,HUN,15,DECSI Tamas
Preliminary 64,KACZKOWSKI Krzysztof,POL,15,PALACIOS MURILLO Mario Alberto,COL,6,KACZKOWSKI Krzysztof
Preliminary 64,HRYCIUK Szymon,POL,15,CUELLAR Sebastian,COL,6,HRYCIUK Szymon
Preliminary 64,DODDO Andrew,USA,15,ANASIZ Muhammed,TUR,10,DODDO Andrew
Preliminary 64,BAZADZE Beka,GEO,15,THAPAR Vishal,IND,10,BAZADZE Beka
Preliminary 64,DI TELLA Pascual Maria,ARG,11,HA Hansol,KOR,15,HA Hansol
Preliminary 64,BIBI Eliott,FRA,12,HO Sze Long Aaron,HKG,15,HO Sze Long Aaron
Preliminary 64,KINDLER Frederic,GER,15,MADRIGAL Santiago,ESP,12,KINDLER Frederic
Preliminary 64,LOW Ho Tin,HKG,9,AYMURATOV Musa,UZB,15,AYMURATOV Musa
Main 64,BAZADZE Sandro,GEO,15,BONAH Luis,GER,3,BAZADZE Sandro
Main 64,NUCCIO Riccardo,ITA,11,FERJANI Fares,TUN,15,FERJANI Fares
Main 64,YILDIRIM Enver,TUR,15,LIANG Jianhao,CHN,8,YILDIRIM Enver
Main 64,SARON Mitchell,USA,15,PATRICE Sebastien,FRA,11,SARON Mitchell
Main 64,OH Sanguk,KOR,15,SINGH Karan Singh,IND,14,OH Sanguk
Main 64,KODIROV Zuhriddin,UZB,7,YOSHIDA Kento,JPN,15,YOSHIDA Kento
Main 64,LIN Xiao,CHN,15,DRAGOMIR George,ROU,13,LIN Xiao
Main 64,TSAP Yuriy,UKR,7,SZABO Matyas,GER,15,SZABO Matyas
Main 64,SZATMARI Andras,HUN,15,NITU Radu,ROU,10,SZATMARI Andras
Main 64,DECSI Tamas,HUN,15,RAHBARI Mohammad,IRI,9,DECSI Tamas
Main 64,GEMESI Csanad,HUN,14,CIDU Matei,ROU,15,CIDU Matei
Main 64,MATEEV Andri Nikolaysson,ISL,7,ELSISSY Ziad,EGY,15,ELSISSY Ziad
Main 64,GALLO Michele,ITA,15,MOATAZ Adham,EGY,11,GALLO Michele
Main 64,DESROSIERS Olivier,CAN,8,HEATHCOCK Colin,USA,15,HEATHCOCK Colin
Main 64,GORDON Shaul,CAN,15,STREETS Kaito,JPN,12,GORDON Shaul
Main 64,STASIAK Olaf,POL,7,PIANFETTI Maxime,FRA,15,PIANFETTI Maxime
Main 64,SAMELE Luigi,ITA,15,BRAVO Inaki,ESP,13,SAMELE Luigi
Main 64,ALSHAMLAN Yousef,KUW,15,HUMEN Vasyl,UKR,14,ALSHAMLAN Yousef
Main 64,GU Bongil,KOR,15,SZCZEPANIK Piotr,POL,8,GU Bongil
Main 64,FOTOUHI Mohammad,IRI,12,DERSHWITZ Eli,USA,15,DERSHWITZ Eli
Main 64,TEODOSIU Iulian,ROU,15,ARFA Fares,CAN,12,TEODOSIU Iulian
Main 64,HO Sze Long Aaron,HKG,15,AMER Mohamed,EGY,9,HO Sze Long Aaron
Main 64,BONAH Raoul,GER,15,KACZKOWSKI Krzysztof,POL,11,BONAH Raoul
Main 64,HA Hansol,KOR,15,APITHY Bolade,FRA,12,HA Hansol
Main 64,PAKDAMAN Ali,IRI,15,KUMARESAN PADMA Gisho Nidhi,IND,8,PAKDAMAN Ali
Main 64,SATTARKHAN Nazarbay,KAZ,15,SHEN Chenpeng,CHN,13,SATTARKHAN Nazarbay
Main 64,MOATAZ Medhat,EGY,15,DEARY William,GBR,11,MOATAZ Medhat
Main 64,HRYCIUK Szymon,POL,15,KIM Junho,KOR,7,HRYCIUK Szymon
Main 64,CURATOLI Luca,ITA,15,KINDLER Frederic,GER,9,CURATOLI Luca
Main 64,DODDO Andrew,USA,13,HOSHINO Kento,JPN,15,HOSHINO Kento
Main 64,YAGODKA Andriy,UKR,12,AYMURATOV Musa,UZB,15,AYMURATOV Musa
Main 64,BAZADZE Beka,GEO,4,SZILAGYI Aron,HUN,15,SZILAGYI Aron
Main 32,BAZADZE Sandro,GEO,15,FERJANI Fares,TUN,13,BAZADZE Sandro
Main 32,YILDIRIM Enver,TUR,7,SARON Mitchell,USA,15,SARON Mitchell
Main 32,OH Sanguk,KOR,12,YOSHIDA Kento,JPN,15,YOSHIDA Kento
Main 32,LIN Xiao,CHN,14,SZABO Matyas,GER,15,SZABO Matyas
Main 32,SZATMARI Andras,HUN,12,DECSI Tamas,HUN,15,DECSI Tamas
Main 32,CIDU Matei,ROU,11,ELSISSY Ziad,EGY,15,ELSISSY Ziad
Main 32,GALLO Michele,ITA,15,HEATHCOCK Colin,USA,12,GALLO Michele
Main 32,GORDON Shaul,CAN,15,PIANFETTI Maxime,FRA,8,GORDON Shaul
Main 32,SAMELE Luigi,ITA,15,ALSHAMLAN Yousef,KUW,9,SAMELE Luigi
Main 32,GU Bongil,KOR,14,DERSHWITZ Eli,USA,15,DERSHWITZ Eli
Main 32,TEODOSIU Iulian,ROU,14,HO Sze Long Aaron,HKG,15,HO Sze Long Aaron
Main 32,BONAH Raoul,GER,9,HA Hansol,KOR,15,HA Hansol
Main 32,PAKDAMAN Ali,IRI,15,SATTARKHAN Nazarbay,KAZ,14,PAKDAMAN Ali
Main 32,MOATAZ Medhat,EGY,12,HRYCIUK Szymon,POL,15,HRYCIUK Szymon
Main 32,CURATOLI Luca,ITA,15,HOSHINO Kento,JPN,5,CURATOLI Luca
Main 32,AYMURATOV Musa,UZB,4,SZILAGYI Aron,HUN,15,SZILAGYI Aron
Main 16,BAZADZE Sandro,GEO,15,SARON Mitchell,USA,7,BAZADZE Sandro
Main 16,YOSHIDA Kento,JPN,15,SZABO Matyas,GER,13,YOSHIDA Kento
Main 16,DECSI Tamas,HUN,13,ELSISSY Ziad,EGY,15,ELSISSY Ziad
Main 16,GALLO Michele,ITA,15,GORDON Shaul,CAN,13,GALLO Michele
Main 16,SAMELE Luigi,ITA,6,DERSHWITZ Eli,USA,15,DERSHWITZ Eli
Main 16,HO Sze Long Aaron,HKG,12,HA Hansol,KOR,15,HA Hansol
Main 16,PAKDAMAN Ali,IRI,12,HRYCIUK Szymon,POL,15,HRYCIUK Szymon
Main 16,CURATOLI Luca,ITA,12,SZILAGYI Aron,HUN,15,SZILAGYI Aron
Quarterfinals,BAZADZE Sandro,GEO,15,YOSHIDA Kento,JPN,9,BAZADZE Sandro
Quarterfinals,ELSISSY Ziad,EGY,15,GALLO Michele,ITA,14,ELSISSY Ziad
Quarterfinals,DERSHWITZ Eli,USA,15,HA Hansol,KOR,10,DERSHWITZ Eli
Quarterfinals,HRYCIUK Szymon,POL,8,SZILAGYI Aron,HUN,15,SZILAGYI Aron
Semifinals,BAZADZE Sandro,GEO,15,ELSISSY Ziad,EGY,14,BAZADZE Sandro
Semifinals,DERSHWITZ Eli,USA,15,SZILAGYI Aron,HUN,13,DERSHWITZ Eli
Final,BAZADZE Sandro,GEO,6,DERSHWITZ Eli,USA,15,DERSHWITZ Eli