Round,Fencer A Name,Fencer A Country,Fencer A Score,Fencer B Name,Fencer B Country,Fencer B Score,Winner
Preliminary 128,REPETTI Giovanni,ITA,15,N/A,N/A,N/A,REPETTI Giovanni
Preliminary 128,JEONG Hangil,KOR,3,OLLIVIER Leandre,FRA,15,OLLIVIER Leandre
Preliminary 128,CAVALIERE Dario,ITA,15,N/A,N/A,N/A,CAVALIERE Dario
Preliminary 128,DUBARRY Baptiste,FRA,15,N/A,N/A,N/A,DUBARRY Baptiste
Preliminary 128,HO Sze Long Aaron,HKG,15,N/A,N/A,N/A,HO Sze Long Aaron
Preliminary 128,CHAN Lok Hei Royce,HKG,11,BOUREAU Paco,FRA,15,BOUREAU Paco
Preliminary 128,SHINDE Abhay Krishna,IND,14,LEUNG Tin Ching,HKG,15,LEUNG Tin Ching
Preliminary 128,YAN Yinghui,CHN,15,N/A,N/A,N/A,YAN Yinghui
Preliminary 128,COLLEAU Charles,FRA,15,N/A,N/A,N/A,COLLEAU Charles
Preliminary 128,STREETS Kaito,JPN,15,DECSI Tamas,HUN,8,STREETS Kaito
Preliminary 128,SCHICKELE Florian,FRA,15,N/A,N/A,N/A,SCHICKELE Florian
Preliminary 128,YOSHIDA Kento,JPN,15,N/A,N/A,N/A,YOSHIDA Kento
Preliminary 128,REA Mattia,ITA,15,N/A,N/A,N/A,REA Mattia
Preliminary 128,SEEFELD Eric Simon,GER,15,N/A,N/A,N/A,SEEFELD Eric Simon
Preliminary 128,MATSUNAGA Kengo,JPN,12,MAMUTOV Sherzod,UZB,15,MAMUTOV Sherzod
Preliminary 128,NERI Matteo,ITA,15,N/A,N/A,N/A,NERI Matteo
Preliminary 128,GEMESI Csanad,HUN,15,N/A,N/A,N/A,GEMESI Csanad
Preliminary 128,JUNG Jaeseung,KOR,7,YAGODKA Andriy,UKR,15,YAGODKA Andriy
Preliminary 128,SHIRAI Hiromu,JPN,15,N/A,N/A,N/A,SHIRAI Hiromu
Preliminary 128,PARK Sangwon,KOR,15,N/A,N/A,N/A,PARK Sangwon
Preliminary 128,DO Gyeongdong,KOR,15,N/A,N/A,N/A,DO Gyeongdong
Preliminary 128,HERNANDEZ CABALLERO Andres,ESP,14,JEON Donghwan,KOR,15,JEON Donghwan
Preliminary 128,SCHLAFFER Leon,GER,9,NABIYEV Zhanat,KAZ,15,NABIYEV Zhanat
Preliminary 128,TSAP Yuriy,UKR,15,N/A,N/A,N/A,TSAP Yuriy
Preliminary 128,HEATHCOCK Antonio,USA,15,N/A,N/A,N/A,HEATHCOCK Antonio
Preliminary 128,WILLIAMS Grant,USA,15,SRINUALNAD Voragun,THA,9,WILLIAMS Grant
Preliminary 128,FIORETTO Luca,ITA,10,SONG Seungheon,KOR,15,SONG Seungheon
Preliminary 128,NUCCIO Riccardo,ITA,15,N/A,N/A,N/A,NUCCIO Riccardo
Preliminary 128,KIM Jaewon,KOR,15,N/A,N/A,N/A,KIM Jaewon
Preliminary 128,SHEN Chenpeng,CHN,15,N/A,N/A,N/A,SHEN Chenpeng
Preliminary 128,FLOREZ Carlos,ESP,12,ABDAZOV Islambek,UZB,15,ABDAZOV Islambek
Preliminary 128,BONAH Raoul,GER,15,N/A,N/A,N/A,BONAH Raoul
Preliminary 128,TOKUNAN Kenta,JPN,15,N/A,N/A,N/A,TOKUNAN Kenta
Preliminary 128,LOW Ho Tin,HKG,15,LUCCHETTI Stefano Ivan,ARG,11,LOW Ho Tin
Preliminary 128,NGUYEN Van Quyet,VIE,15,N/A,N/A,N/A,NGUYEN Van Quyet
Preliminary 128,DOLEGIEWICZ Filip,USA,15,N/A,N/A,N/A,DOLEGIEWICZ Filip
Preliminary 128,DEARY William,GBR,15,N/A,N/A,N/A,DEARY William
Preliminary 128,MADRIGAL Santiago,ESP,6,TSUMORI Shido,JPN,15,TSUMORI Shido
Preliminary 128,KIM Giwon,KOR,15,SMITH Jared,USA,12,KIM Giwon
Preliminary 128,MACKIEWICZ Andrew,USA,15,N/A,N/A,N/A,MACKIEWICZ Andrew
Preliminary 128,MORRILL William,USA,15,N/A,N/A,N/A,MORRILL William
Preliminary 128,TSUBO Hayato,JPN,15,GORDON Shaul,CAN,12,TSUBO Hayato
Preliminary 128,MARCIANO Giorgio,ITA,14,SATTARKHAN Nazarbay,KAZ,15,SATTARKHAN Nazarbay
Preliminary 128,SARKISSYAN Artyom,KAZ,15,N/A,N/A,N/A,SARKISSYAN Artyom
Preliminary 128,PARK Junyeong,KOR,15,N/A,N/A,N/A,PARK Junyeong
Preliminary 128,FERNANDEZ BLANCO Oscar,ESP,15,N/A,N/A,N/A,FERNANDEZ BLANCO Oscar
Preliminary 128,ANNIC Edern,FRA,15,HYUN Jun,KOR,12,ANNIC Edern
Preliminary 128,LIANG Jianhao,CHN,15,N/A,N/A,N/A,LIANG Jianhao
Preliminary 128,BAE Kyungrok,KOR,15,N/A,N/A,N/A,BAE Kyungrok
Preliminary 128,AILINCA Rares,ROU,11,ZMAU Alexandru,ROU,15,ZMAU Alexandru
Preliminary 128,HOSHINO Kento,JPN,15,N/A,N/A,N/A,HOSHINO Kento
Preliminary 128,KURALBEKULY Bakdaulet,KAZ,15,N/A,N/A,N/A,KURALBEKULY Bakdaulet
Preliminary 128,SARON Mitchell,USA,15,N/A,N/A,N/A,SARON Mitchell
Preliminary 128,DAN Wei Zuo,SGP,10,KIM Byungsoo,KOR,15,KIM Byungsoo
Preliminary 128,KATO Hibiki,JPN,15,THOMPSON Khalil,USA,11,KATO Hibiki
Preliminary 128,BERRE' Enrico,ITA,15,N/A,N/A,N/A,BERRE' Enrico
Preliminary 128,ILIASZ Nicolas,HUN,15,N/A,N/A,N/A,ILIASZ Nicolas
Preliminary 128,HIWATASHI Reo,JPN,15,COHEN Josef,USA,7,HIWATASHI Reo
Preliminary 128,LIN Xiao,CHN,15,NARDELLA Emanuele,ITA,12,LIN Xiao
Preliminary 128,BRAVO Inaki,ESP,15,N/A,N/A,N/A,BRAVO Inaki
Preliminary 128,HA Hansol,KOR,15,N/A,N/A,N/A,HA Hansol
Preliminary 128,XU Yingming,CHN,15,N/A,N/A,N/A,XU Yingming
Preliminary 128,ALSHAMLAN Yousef,KUW,15,RABB Krisztian,HUN,12,ALSHAMLAN Yousef
Preliminary 128,ARFA Fares,CAN,15,N/A,N/A,N/A,ARFA Fares
Preliminary 64,REPETTI Giovanni,ITA,15,OLLIVIER Leandre,FRA,8,REPETTI Giovanni
Preliminary 64,CAVALIERE Dario,ITA,11,DUBARRY Baptiste,FRA,15,DUBARRY Baptiste
Preliminary 64,HO Sze Long Aaron,HKG,15,BOUREAU Paco,FRA,13,HO Sze Long Aaron
Preliminary 64,LEUNG Tin Ching,HKG,15,YAN Yinghui,CHN,12,LEUNG Tin Ching
Preliminary 64,COLLEAU Charles,FRA,15,STREETS Kaito,JPN,13,COLLEAU Charles
Preliminary 64,SCHICKELE Florian,FRA,5,YOSHIDA Kento,JPN,15,YOSHIDA Kento
Preliminary 64,REA Mattia,ITA,10,SEEFELD Eric Simon,GER,15,SEEFELD Eric Simon
Preliminary 64,MAMUTOV Sherzod,UZB,5,NERI Matteo,ITA,15,NERI Matteo
Preliminary 64,GEMESI Csanad,HUN,11,YAGODKA Andriy,UKR,15,YAGODKA Andriy
Preliminary 64,SHIRAI Hiromu,JPN,15,PARK Sangwon,KOR,14,SHIRAI Hiromu
Preliminary 64,DO Gyeongdong,KOR,15,JEON Donghwan,KOR,11,DO Gyeongdong
Preliminary 64,NABIYEV Zhanat,KAZ,10,TSAP Yuriy,UKR,15,TSAP Yuriy
Preliminary 64,HEATHCOCK Antonio,USA,15,WILLIAMS Grant,USA,13,HEATHCOCK Antonio
Preliminary 64,SONG Seungheon,KOR,3,NUCCIO Riccardo,ITA,15,NUCCIO Riccardo
Preliminary 64,KIM Jaewon,KOR,15,SHEN Chenpeng,CHN,8,KIM Jaewon
Preliminary 64,ABDAZOV Islambek,UZB,9,BONAH Raoul,GER,15,BONAH Raoul
Preliminary 64,TOKUNAN Kenta,JPN,15,LOW Ho Tin,HKG,11,TOKUNAN Kenta
Preliminary 64,NGUYEN Van Quyet,VIE,15,DOLEGIEWICZ Filip,USA,9,NGUYEN Van Quyet
Preliminary 64,DEARY William,GBR,15,TSUMORI Shido,JPN,12,DEARY William
Preliminary 64,KIM Giwon,KOR,4,MACKIEWICZ Andrew,USA,15,MACKIEWICZ Andrew
Preliminary 64,MORRILL William,USA,14,TSUBO Hayato,JPN,15,TSUBO Hayato
Preliminary 64,SATTARKHAN Nazarbay,KAZ,6,SARKISSYAN Artyom,KAZ,15,SARKISSYAN Artyom
Preliminary 64,PARK Junyeong,KOR,10,FERNANDEZ BLANCO Oscar,ESP,15,FERNANDEZ BLANCO Oscar
Preliminary 64,ANNIC Edern,FRA,12,LIANG Jianhao,CHN,15,LIANG Jianhao
Preliminary 64,BAE Kyungrok,KOR,11,ZMAU Alexandru,ROU,15,ZMAU Alexandru
Preliminary 64,HOSHINO Kento,JPN,15,KURALBEKULY Bakdaulet,KAZ,8,HOSHINO Kento
Preliminary 64,SARON Mitchell,USA,15,KIM Byungsoo,KOR,11,SARON Mitchell
Preliminary 64,KATO Hibiki,JPN,8,BERRE' Enrico,ITA,15,BERRE' Enrico
Preliminary 64,ILIASZ Nicolas,HUN,15,HIWATASHI Reo,JPN,13,ILIASZ Nicolas
Preliminary 64,LIN Xiao,CHN,11,BRAVO Inaki,ESP,15,BRAVO Inaki
Preliminary 64,HA Hansol,KOR,15,XU Yingming,CHN,9,HA Hansol
Preliminary 64,ALSHAMLAN Yousef,KUW,3,ARFA Fares,CAN,15,ARFA Fares
Main 64,SZILAGYI Aron,HUN,15,LEUNG Tin Ching,HKG,11,SZILAGYI Aron
Main 64,REPETTI Giovanni,ITA,15,PATRICE Jean-Philippe,FRA,10,REPETTI Giovanni
Main 64,FERJANI Ahmed,TUN,4,NUCCIO Riccardo,ITA,15,NUCCIO Riccardo
Main 64,DO Gyeongdong,KOR,12,ELSISSY Ziad,EGY,15,ELSISSY Ziad
Main 64,DERSHWITZ Eli,USA,15,NGUYEN Van Quyet,VIE,10,DERSHWITZ Eli
Main 64,TSAP Yuriy,UKR,13,HEATHCOCK Colin,USA,15,HEATHCOCK Colin
Main 64,SUNG Hyeonmo,KOR,15,COLLEAU Charles,FRA,13,SUNG Hyeonmo
Main 64,SHIRAI Hiromu,JPN,6,CURATOLI Luca,ITA,15,CURATOLI Luca
Main 64,SAMELE Luigi,ITA,15,SEEFELD Eric Simon,GER,6,SAMELE Luigi
Main 64,LIANG Jianhao,CHN,15,CAUCHON Francois,CAN,7,LIANG Jianhao
Main 64,TORRE Pietro,ITA,15,ILIASZ Nicolas,HUN,10,TORRE Pietro
Main 64,KIM Jaewon,KOR,8,OH Sanguk,KOR,15,OH Sanguk
Main 64,BIBI Eliott,FRA,15,YOSHIDA Kento,JPN,13,BIBI Eliott
Main 64,HO Sze Long Aaron,HKG,14,HWANG Hyunho,KOR,15,HWANG Hyunho
Main 64,KACZKOWSKI Krzysztof,POL,15,BONAH Raoul,GER,13,KACZKOWSKI Krzysztof
Main 64,ZMAU Alexandru,ROU,11,GU Bongil,KOR,15,GU Bongil
Main 64,APITHY Bolade,FRA,9,YAGODKA Andriy,UKR,15,YAGODKA Andriy
Main 64,TOKUNAN Kenta,JPN,12,DI TELLA Pascual Maria,ARG,15,DI TELLA Pascual Maria
Main 64,PATRICE Sebastien,FRA,15,BRAVO Inaki,ESP,10,PATRICE Sebastien
Main 64,SARON Mitchell,USA,15,KIM Junghwan,KOR,9,SARON Mitchell
Main 64,SZATMARI Andras,HUN,7,HA Hansol,KOR,15,HA Hansol
Main 64,MACKIEWICZ Andrew,USA,15,LAMBERT Maxence,FRA,13,MACKIEWICZ Andrew
Main 64,KINDLER Frederic,GER,3,NERI Matteo,ITA,15,NERI Matteo
Main 64,HOSHINO Kento,JPN,15,PIANFETTI Maxime,FRA,13,HOSHINO Kento
Main 64,TEODOSIU Iulian,ROU,15,FERNANDEZ BLANCO Oscar,ESP,9,TEODOSIU Iulian
Main 64,BERRE' Enrico,ITA,7,KOKUBO Mao,JPN,15,KOKUBO Mao
Main 64,KIM Junho,KOR,15,HEATHCOCK Antonio,USA,12,KIM Junho
Main 64,DUBARRY Baptiste,FRA,14,SZABO Matyas,GER,15,SZABO Matyas
Main 64,PAKDAMAN Ali,IRI,15,SARKISSYAN Artyom,KAZ,12,PAKDAMAN Ali
Main 64,DEARY William,GBR,15,YILDIRIM Enver,TUR,14,DEARY William
Main 64,DODDO Andrew,USA,14,ARFA Fares,CAN,15,ARFA Fares
Main 64,TSUBO Hayato,JPN,11,BAZADZE Sandro,GEO,15,BAZADZE Sandro
Main 32,SZILAGYI Aron,HUN,15,REPETTI Giovanni,ITA,7,SZILAGYI Aron
Main 32,NUCCIO Riccardo,ITA,15,ELSISSY Ziad,EGY,13,NUCCIO Riccardo
Main 32,DERSHWITZ Eli,USA,11,HEATHCOCK Colin,USA,15,HEATHCOCK Colin
Main 32,SUNG Hyeonmo,KOR,14,CURATOLI Luca,ITA,15,CURATOLI Luca
Main 32,SAMELE Luigi,ITA,15,LIANG Jianhao,CHN,11,SAMELE Luigi
Main 32,TORRE Pietro,ITA,11,OH Sanguk,KOR,15,OH Sanguk
Main 32,BIBI Eliott,FRA,15,HWANG Hyunho,KOR,9,BIBI Eliott
Main 32,KACZKOWSKI Krzysztof,POL,10,GU Bongil,KOR,15,GU Bongil
Main 32,YAGODKA Andriy,UKR,15,DI TELLA Pascual Maria,ARG,13,YAGODKA Andriy
Main 32,PATRICE Sebastien,FRA,15,SARON Mitchell,USA,12,PATRICE Sebastien
Main 32,HA Hansol,KOR,11,MACKIEWICZ Andrew,USA,15,MACKIEWICZ Andrew
Main 32,NERI Matteo,ITA,15,HOSHINO Kento,JPN,13,NERI Matteo
Main 32,TEODOSIU Iulian,ROU,15,KOKUBO Mao,JPN,14,TEODOSIU Iulian
Main 32,KIM Junho,KOR,15,SZABO Matyas,GER,14,KIM Junho
Main 32,PAKDAMAN Ali,IRI,15,DEARY William,GBR,8,PAKDAMAN Ali
Main 32,ARFA Fares,CAN,13,BAZADZE Sandro,GEO,15,BAZADZE Sandro
Main 16,SZILAGYI Aron,HUN,15,NUCCIO Riccardo,ITA,14,SZILAGYI Aron
Main 16,HEATHCOCK Colin,USA,15,CURATOLI Luca,ITA,8,HEATHCOCK Colin
Main 16,SAMELE Luigi,ITA,9,OH Sanguk,KOR,15,OH Sanguk
Main 16,BIBI Eliott,FRA,15,GU Bongil,KOR,12,BIBI Eliott
Main 16,YAGODKA Andriy,UKR,9,PATRICE Sebastien,FRA,15,PATRICE Sebastien
Main 16,MACKIEWICZ Andrew,USA,3,NERI Matteo,ITA,15,NERI Matteo
Main 16,TEODOSIU Iulian,ROU,13,KIM Junho,KOR,15,KIM Junho
Main 16,PAKDAMAN Ali,IRI,9,BAZADZE Sandro,GEO,15,BAZADZE Sandro
Quarterfinals,SZILAGYI Aron,HUN,15,HEATHCOCK Colin,USA,7,SZILAGYI Aron
Quarterfinals,OH Sanguk,KOR,15,BIBI Eliott,FRA,6,OH Sanguk
Quarterfinals,PATRICE Sebastien,FRA,12,NERI Matteo,ITA,15,NERI Matteo
Quarterfinals,KIM Junho,KOR,14,BAZADZE Sandro,GEO,15,BAZADZE Sandro
Semifinals,SZILAGYI Aron,HUN,6,OH Sanguk,KOR,15,OH Sanguk
Semifinals,NERI Matteo,ITA,14,BAZADZE Sandro,GEO,15,BAZADZE Sandro
Final,OH Sanguk,KOR,15,BAZADZE Sandro,GEO,14,OH Sanguk