Round,Fencer A Name,Fencer A Country,Fencer A Score,Fencer B Name,Fencer B Country,Fencer B Score,Winner
Preliminary 128,KOKUBO Mao,JPN,15,ROSTOM Ali,KUW,4,KOKUBO Mao
Preliminary 128,PECH Miklos,HUN,15,KARAKAI Oleksandr,UKR,9,PECH Miklos
Preliminary 128,PARK Sangwon,KOR,15,NOSEDA Szabolcs,HUN,8,PARK Sangwon
Preliminary 128,ALPAIDZE Mikhail,GEO,15,ASLAN Tolga,TUR,10,ALPAIDZE Mikhail
Preliminary 128,YAN Yinghui,CHN,8,BAZADZE Beka,GEO,15,BAZADZE Beka
Preliminary 128,ARPINO Alberto,ITA,13,SCHLAFFER Leon,GER,15,SCHLAFFER Leon
Preliminary 128,CHAN Lok Hei Royce,HKG,15,TAFLAN Ahmet Turgut,TUR,11,CHAN Lok Hei Royce
Preliminary 128,GOUGOULIAS Olympios,GBR,8,KAKAURIDZE Goga,GEO,15,KAKAURIDZE Goga
Preliminary 128,KOSSUTH Balint,HUN,11,RAKHMANALI Mukhamedali,KAZ,15,RAKHMANALI Mukhamedali
Preliminary 128,OLLIVIER Leandre,FRA,15,CHANG Chi Hin Cyrus,HKG,9,OLLIVIER Leandre
Preliminary 128,LEUNG Tin Ching,HKG,15,BAAKEN Matyas,HUN,4,LEUNG Tin Ching
Preliminary 128,ELARABY Mazen,EGY,10,REPETTI Giovanni,ITA,15,REPETTI Giovanni
Preliminary 128,ARFA Fares,CAN,4,COHEN Josef,USA,15,COHEN Josef
Preliminary 128,LIPINSKI Marcin,POL,15,MARCIANO Giorgio,ITA,14,LIPINSKI Marcin
Preliminary 128,FERNANDEZ BLANCO Oscar,ESP,13,WEI Andrew,CAN,15,WEI Andrew
Preliminary 128,ALBAQAMI Saad,KSA,9,DUBARRY Baptiste,FRA,15,DUBARRY Baptiste
Preliminary 128,DAI Rui,CHN,15,LUCCHETTI Stefano Ivan,ARG,12,DAI Rui
Preliminary 128,RAHBARI Mohammad,IRI,15,DECSI Tamas,HUN,7,RAHBARI Mohammad
Preliminary 128,DO Gyeongdong,KOR,15,KOGAN Benjamin,USA,1,DO Gyeongdong
Preliminary 128,KAISER Balazs,HUN,6,ANNIC Edern,FRA,15,ANNIC Edern
Preliminary 128,MANDOV Ivan,BUL,12,CABALLERO Rogelio,ESP,15,CABALLERO Rogelio
Preliminary 128,LOW Ho Tin,HKG,15,HRYCIUK Szymon,POL,11,LOW Ho Tin
Preliminary 128,WILLAU Mathias,AUT,9,HERNANDEZ CABALLERO Andres,ESP,15,HERNANDEZ CABALLERO Andres
Preliminary 128,PLATONOV Bogdan,UKR,14,YAGODKA Andriy,UKR,15,YAGODKA Andriy
Preliminary 128,FIORETTO Luca,ITA,15,JACOB Michael,IRL,6,FIORETTO Luca
Preliminary 128,DRAGOMIR Eduard,ROU,7,DRAGOMIR George,ROU,15,DRAGOMIR George
Preliminary 128,WONG Tzer Chyuan,MAS,9,HWANG Seungmin,KOR,15,HWANG Seungmin
Preliminary 128,ALMUTAIRI Adel,KSA,10,DOLEGIEWICZ Filip,USA,15,DOLEGIEWICZ Filip
Preliminary 128,HA Hansol,KOR,15,SINGH Karan Singh,IND,9,HA Hansol
Preliminary 128,MADRIGAL Santiago,ESP,15,TCHEISHVILI Nikoloz,GEO,7,MADRIGAL Santiago
Preliminary 128,ARCHVADZE Vakhtangi,GEO,8,STREETS Kaito,JPN,15,STREETS Kaito
Preliminary 128,ALQUDIHI Ahmed,KSA,10,KEMPF Lorenz,GER,15,KEMPF Lorenz
Preliminary 128,CAVALIERE Dario,ITA,15,ALSHAMLAN Yousef,KUW,7,CAVALIERE Dario
Preliminary 128,ARMIJO Gabriel,USA,9,FOTOUHI Mohammad,IRI,15,FOTOUHI Mohammad
Preliminary 128,TOKUNAN Kenta,JPN,15,BONAH Luis,GER,7,TOKUNAN Kenta
Preliminary 128,FILEV Viktor,BUL,0,SATTARKHAN Nazarbay,KAZ,15,SATTARKHAN Nazarbay
Preliminary 128,HOSHINO Kento,JPN,15,LOH Lucius Kai Wei,SGP,9,HOSHINO Kento
Preliminary 128,HAYNES Luke,GBR,9,LIANG Jianhao,CHN,15,LIANG Jianhao
Preliminary 128,SEEFELD Eric Simon,GER,6,SHEN Chenpeng,CHN,15,SHEN Chenpeng
Preliminary 128,BANYAY Endre Marcell,HUN,8,CIDU Matei,ROU,15,CIDU Matei
Preliminary 128,BIBI Eliott,FRA,15,DINU Nicholas,CAN,8,BIBI Eliott
Preliminary 128,YOON Sunghyun,KOR,15,MOATAZ Medhat,EGY,11,YOON Sunghyun
Preliminary 128,TORRE Pietro,ITA,15,RODRIGUEZ MARTINEZ Hansel Julian,CUB,13,TORRE Pietro
Preliminary 128,PROSSE Mael,BEL,10,SONG Seungheon,KOR,15,SONG Seungheon
Preliminary 128,URSACHI Razvan,ROU,15,YILDIRIM Enver,TUR,11,URSACHI Razvan
Preliminary 128,HOWES Nicholas,GBR,8,AILINCA Rares,ROU,15,AILINCA Rares
Preliminary 128,REA Mattia,ITA,15,MOGG Leopold,GER,8,REA Mattia
Preliminary 128,MATTYUS Sebestyen,HUN,15,HORVATH Gergo,HUN,10,MATTYUS Sebestyen
Preliminary 128,HEATHCOCK Antonio,USA,15,RAIKIN Dimitar,BUL,6,HEATHCOCK Antonio
Preliminary 128,CAUCHON Francois,CAN,15,URBAN Tamas,HUN,14,CAUCHON Francois
Preliminary 128,BAHER ARASBARAN Farzad,IRI,15,PECH Kornel,HUN,7,BAHER ARASBARAN Farzad
Preliminary 128,SHIRAI Hiromu,JPN,11,CUELLAR Sebastian,COL,15,CUELLAR Sebastian
Preliminary 128,PALACIOS MURILLO Mario Alberto,COL,15,ALEKSANDROV Ivaylo,BUL,8,PALACIOS MURILLO Mario Alberto
Preliminary 128,CHOW Chung Hei,HKG,7,GEMESI Csanad,HUN,15,GEMESI Csanad
Preliminary 128,MORAN Yago,ESP,11,REN Junming,HKG,15,REN Junming
Preliminary 128,SCHNEIDER Benno,GER,13,LIN Xiao,CHN,15,LIN Xiao
Preliminary 128,KACZKOWSKI Krzysztof,POL,15,THOMPSON Khalil,USA,12,KACZKOWSKI Krzysztof
Preliminary 128,BRAVO Inaki,ESP,15,MARTINE Thomas,FRA,11,BRAVO Inaki
Preliminary 128,WESTERN REYES Rafael,PUR,5,TERZI Tymur,UKR,15,TERZI Tymur
Preliminary 128,YAMAN Furkan,TUR,4,KINDLER Frederic,GER,15,KINDLER Frederic
Preliminary 128,GALGOCZY Tamas,HUN,15,CORREA VILA Luis,COL,10,GALGOCZY Tamas
Preliminary 128,STASIAK Olaf,POL,11,COLLEAU Charles,FRA,15,COLLEAU Charles
Preliminary 128,RABB Krisztian,HUN,14,NERI Matteo,ITA,15,NERI Matteo
Preliminary 128,IAM Jethro,HKG,11,STATSENKO Oleksiy,UKR,15,STATSENKO Oleksiy
Preliminary 64,KOKUBO Mao,JPN,15,PECH Miklos,HUN,7,KOKUBO Mao
Preliminary 64,PARK Sangwon,KOR,15,ALPAIDZE Mikhail,GEO,6,PARK Sangwon
Preliminary 64,BAZADZE Beka,GEO,15,SCHLAFFER Leon,GER,13,BAZADZE Beka
Preliminary 64,CHAN Lok Hei Royce,HKG,11,KAKAURIDZE Goga,GEO,15,KAKAURIDZE Goga
Preliminary 64,RAKHMANALI Mukhamedali,KAZ,10,OLLIVIER Leandre,FRA,15,OLLIVIER Leandre
Preliminary 64,LEUNG Tin Ching,HKG,7,REPETTI Giovanni,ITA,15,REPETTI Giovanni
Preliminary 64,COHEN Josef,USA,15,LIPINSKI Marcin,POL,7,COHEN Josef
Preliminary 64,WEI Andrew,CAN,3,DUBARRY Baptiste,FRA,15,DUBARRY Baptiste
Preliminary 64,DAI Rui,CHN,2,RAHBARI Mohammad,IRI,15,RAHBARI Mohammad
Preliminary 64,DO Gyeongdong,KOR,15,ANNIC Edern,FRA,4,DO Gyeongdong
Preliminary 64,CABALLERO Rogelio,ESP,10,LOW Ho Tin,HKG,15,LOW Ho Tin
Preliminary 64,HERNANDEZ CABALLERO Andres,ESP,7,YAGODKA Andriy,UKR,15,YAGODKA Andriy
Preliminary 64,FIORETTO Luca,ITA,15,DRAGOMIR George,ROU,8,FIORETTO Luca
Preliminary 64,HWANG Seungmin,KOR,10,DOLEGIEWICZ Filip,USA,15,DOLEGIEWICZ Filip
Preliminary 64,HA Hansol,KOR,15,MADRIGAL Santiago,ESP,8,HA Hansol
Preliminary 64,STREETS Kaito,JPN,15,KEMPF Lorenz,GER,7,STREETS Kaito
Preliminary 64,CAVALIERE Dario,ITA,15,FOTOUHI Mohammad,IRI,13,CAVALIERE Dario
Preliminary 64,TOKUNAN Kenta,JPN,15,SATTARKHAN Nazarbay,KAZ,8,TOKUNAN Kenta
Preliminary 64,HOSHINO Kento,JPN,14,LIANG Jianhao,CHN,15,LIANG Jianhao
Preliminary 64,SHEN Chenpeng,CHN,15,CIDU Matei,ROU,14,SHEN Chenpeng
Preliminary 64,BIBI Eliott,FRA,15,YOON Sunghyun,KOR,6,BIBI Eliott
Preliminary 64,TORRE Pietro,ITA,15,SONG Seungheon,KOR,8,TORRE Pietro
Preliminary 64,URSACHI Razvan,ROU,12,AILINCA Rares,ROU,15,AILINCA Rares
Preliminary 64,REA Mattia,ITA,15,MATTYUS Sebestyen,HUN,12,REA Mattia
Preliminary 64,HEATHCOCK Antonio,USA,15,CAUCHON Francois,CAN,9,HEATHCOCK Antonio
Preliminary 64,BAHER ARASBARAN Farzad,IRI,15,CUELLAR Sebastian,COL,9,BAHER ARASBARAN Farzad
Preliminary 64,PALACIOS MURILLO Mario Alberto,COL,7,GEMESI Csanad,HUN,15,GEMESI Csanad
Preliminary 64,REN Junming,HKG,6,LIN Xiao,CHN,15,LIN Xiao
Preliminary 64,KACZKOWSKI Krzysztof,POL,14,BRAVO Inaki,ESP,15,BRAVO Inaki
Preliminary 64,TERZI Tymur,UKR,7,KINDLER Frederic,GER,15,KINDLER Frederic
Preliminary 64,GALGOCZY Tamas,HUN,15,COLLEAU Charles,FRA,12,GALGOCZY Tamas
Preliminary 64,NERI Matteo,ITA,14,STATSENKO Oleksiy,UKR,15,STATSENKO Oleksiy
Main 64,SZILAGYI Aron,HUN,15,BAZADZE Beka,GEO,10,SZILAGYI Aron
Main 64,KOKUBO Mao,JPN,12,SARKISSYAN Artyom,KAZ,15,SARKISSYAN Artyom
Main 64,SARON Mitchell,USA,15,PARK Sangwon,KOR,10,SARON Mitchell
Main 64,TOKUNAN Kenta,JPN,4,PAKDAMAN Ali,IRI,15,PAKDAMAN Ali
Main 64,DERSHWITZ Eli,USA,15,REA Mattia,ITA,10,DERSHWITZ Eli
Main 64,FIORETTO Luca,ITA,7,ELSISSY Ziad,EGY,15,ELSISSY Ziad
Main 64,ILIASZ Nicolas,HUN,15,YAGODKA Andriy,UKR,7,ILIASZ Nicolas
Main 64,STREETS Kaito,JPN,15,OH Sanguk,KOR,10,STREETS Kaito
Main 64,GU Bongil,KOR,15,SHEN Chenpeng,CHN,6,GU Bongil
Main 64,DUBARRY Baptiste,FRA,8,ZMAU Alexandru,ROU,15,ZMAU Alexandru
Main 64,LAMBERT Maxence,FRA,13,DOLEGIEWICZ Filip,USA,15,DOLEGIEWICZ Filip
Main 64,TORRE Pietro,ITA,15,SZABO Matyas,GER,11,TORRE Pietro
Main 64,HOMER Daryl,USA,15,BAHER ARASBARAN Farzad,IRI,5,HOMER Daryl
Main 64,REPETTI Giovanni,ITA,15,PATRICE Jean-Philippe,FRA,10,REPETTI Giovanni
Main 64,PATRICE Sebastien,FRA,15,HEATHCOCK Antonio,USA,11,PATRICE Sebastien
Main 64,BRAVO Inaki,ESP,13,CURATOLI Luca,ITA,15,CURATOLI Luca
Main 64,APITHY Bolade,FRA,14,LOW Ho Tin,HKG,15,LOW Ho Tin
Main 64,CAVALIERE Dario,ITA,13,DODDO Andrew,USA,15,DODDO Andrew
Main 64,HEATHCOCK Colin,USA,12,HA Hansol,KOR,15,HA Hansol
Main 64,AILINCA Rares,ROU,15,GALLO Michele,ITA,12,AILINCA Rares
Main 64,SZATMARI Andras,HUN,10,GEMESI Csanad,HUN,15,GEMESI Csanad
Main 64,KINDLER Frederic,GER,15,BONAH Raoul,GER,9,KINDLER Frederic
Main 64,TSAP Yuriy,UKR,15,LIN Xiao,CHN,11,TSAP Yuriy
Main 64,OLLIVIER Leandre,FRA,12,PIANFETTI Maxime,FRA,15,PIANFETTI Maxime
Main 64,TEODOSIU Iulian,ROU,15,RAHBARI Mohammad,IRI,12,TEODOSIU Iulian
Main 64,BIBI Eliott,FRA,15,SUNG Hyeonmo,KOR,14,BIBI Eliott
Main 64,YOSHIDA Kento,JPN,15,KAKAURIDZE Goga,GEO,5,YOSHIDA Kento
Main 64,LIANG Jianhao,CHN,12,KIM Junghwan,KOR,15,KIM Junghwan
Main 64,KIM Junho,KOR,9,DO Gyeongdong,KOR,15,DO Gyeongdong
Main 64,GALGOCZY Tamas,HUN,8,SEITZ Tom,FRA,15,SEITZ Tom
Main 64,NUCCIO Riccardo,ITA,15,STATSENKO Oleksiy,UKR,10,NUCCIO Riccardo
Main 64,COHEN Josef,USA,9,BAZADZE Sandro,GEO,15,BAZADZE Sandro
Main 32,SZILAGYI Aron,HUN,15,SARKISSYAN Artyom,KAZ,8,SZILAGYI Aron
Main 32,SARON Mitchell,USA,15,PAKDAMAN Ali,IRI,11,SARON Mitchell
Main 32,DERSHWITZ Eli,USA,9,ELSISSY Ziad,EGY,15,ELSISSY Ziad
Main 32,ILIASZ Nicolas,HUN,15,STREETS Kaito,JPN,8,ILIASZ Nicolas
Main 32,GU Bongil,KOR,15,ZMAU Alexandru,ROU,13,GU Bongil
Main 32,DOLEGIEWICZ Filip,USA,7,TORRE Pietro,ITA,15,TORRE Pietro
Main 32,HOMER Daryl,USA,15,REPETTI Giovanni,ITA,13,HOMER Daryl
Main 32,PATRICE Sebastien,FRA,15,CURATOLI Luca,ITA,14,PATRICE Sebastien
Main 32,LOW Ho Tin,HKG,8,DODDO Andrew,USA,15,DODDO Andrew
Main 32,HA Hansol,KOR,15,AILINCA Rares,ROU,6,HA Hansol
Main 32,GEMESI Csanad,HUN,15,KINDLER Frederic,GER,13,GEMESI Csanad
Main 32,TSAP Yuriy,UKR,8,PIANFETTI Maxime,FRA,15,PIANFETTI Maxime
Main 32,TEODOSIU Iulian,ROU,14,BIBI Eliott,FRA,15,BIBI Eliott
Main 32,YOSHIDA Kento,JPN,11,KIM Junghwan,KOR,15,KIM Junghwan
Main 32,DO Gyeongdong,KOR,15,SEITZ Tom,FRA,7,DO Gyeongdong
Main 32,NUCCIO Riccardo,ITA,11,BAZADZE Sandro,GEO,15,BAZADZE Sandro
Main 16,SZILAGYI Aron,HUN,15,SARON Mitchell,USA,11,SZILAGYI Aron
Main 16,ELSISSY Ziad,EGY,15,ILIASZ Nicolas,HUN,14,ELSISSY Ziad
Main 16,GU Bongil,KOR,15,TORRE Pietro,ITA,11,GU Bongil
Main 16,HOMER Daryl,USA,15,PATRICE Sebastien,FRA,13,HOMER Daryl
Main 16,DODDO Andrew,USA,7,HA Hansol,KOR,15,HA Hansol
Main 16,GEMESI Csanad,HUN,2,PIANFETTI Maxime,FRA,15,PIANFETTI Maxime
Main 16,BIBI Eliott,FRA,15,KIM Junghwan,KOR,8,BIBI Eliott
Main 16,DO Gyeongdong,KOR,9,BAZADZE Sandro,GEO,15,BAZADZE Sandro
Quarterfinals,SZILAGYI Aron,HUN,15,ELSISSY Ziad,EGY,11,SZILAGYI Aron
Quarterfinals,GU Bongil,KOR,15,HOMER Daryl,USA,11,GU Bongil
Quarterfinals,HA Hansol,KOR,5,PIANFETTI Maxime,FRA,15,PIANFETTI Maxime
Quarterfinals,BIBI Eliott,FRA,10,BAZADZE Sandro,GEO,15,BAZADZE Sandro
Semifinals,SZILAGYI Aron,HUN,15,GU Bongil,KOR,9,SZILAGYI Aron
Semifinals,PIANFETTI Maxime,FRA,9,BAZADZE Sandro,GEO,15,BAZADZE Sandro
Final,SZILAGYI Aron,HUN,15,BAZADZE Sandro,GEO,14,SZILAGYI Aron