Round,Fencer A Name,Fencer A Country,Fencer A Score,Fencer B Name,Fencer B Country,Fencer B Score,Winner
Preliminary 256,THOMPSON Khalil,USA,15,N/A,N/A,N/A,THOMPSON Khalil
Preliminary 256,ZHAILYBAY Nurmukhammed,KAZ,14,NABIYEV Zhanat,KAZ,15,NABIYEV Zhanat
Preliminary 256,KACZKOWSKI Krzysztof,POL,15,N/A,N/A,N/A,KACZKOWSKI Krzysztof
Preliminary 256,WANG Tianhao,CHN,15,N/A,N/A,N/A,WANG Tianhao
Preliminary 256,BIBI Eliott,FRA,15,N/A,N/A,N/A,BIBI Eliott
Preliminary 256,CAUCHON Francois,CAN,15,N/A,N/A,N/A,CAUCHON Francois
Preliminary 256,CHANG Hoi Chun,HKG,15,N/A,N/A,N/A,CHANG Hoi Chun
Preliminary 256,SONG Eungyun,KOR,15,N/A,N/A,N/A,SONG Eungyun
Preliminary 256,CUELLAR Sebastian,COL,15,N/A,N/A,N/A,CUELLAR Sebastian
Preliminary 256,THOME Simon,GER,15,N/A,N/A,N/A,THOME Simon
Preliminary 256,NERI Matteo,ITA,15,N/A,N/A,N/A,NERI Matteo
Preliminary 256,SALGADO RONDON Arturo Eduardo,ARG,15,N/A,N/A,N/A,SALGADO RONDON Arturo Eduardo
Preliminary 256,RAKHMANALI Mukhamedali,KAZ,15,N/A,N/A,N/A,RAKHMANALI Mukhamedali
Preliminary 256,PEREZ MARTIN Julio Manuel,ESP,15,N/A,N/A,N/A,PEREZ MARTIN Julio Manuel
Preliminary 256,ELARABY Mazen,EGY,15,N/A,N/A,N/A,ELARABY Mazen
Preliminary 256,KINDLER Frederic,GER,15,N/A,N/A,N/A,KINDLER Frederic
Preliminary 256,JEONG Hangil,KOR,15,N/A,N/A,N/A,JEONG Hangil
Preliminary 256,NOWINOWSKI Kacper,POL,6,PECH Miklos,HUN,15,PECH Miklos
Preliminary 256,FOTOUHI Mohammad,IRI,15,N/A,N/A,N/A,FOTOUHI Mohammad
Preliminary 256,COVALIU Vlad,ROU,15,N/A,N/A,N/A,COVALIU Vlad
Preliminary 256,SATTARKHAN Nazarbay,KAZ,15,N/A,N/A,N/A,SATTARKHAN Nazarbay
Preliminary 256,WATANABE Sora,JPN,15,N/A,N/A,N/A,WATANABE Sora
Preliminary 256,PARK Sangwon,KOR,15,N/A,N/A,N/A,PARK Sangwon
Preliminary 256,GEMESI Csanad,HUN,15,N/A,N/A,N/A,GEMESI Csanad
Preliminary 256,SEITZ Tom,FRA,15,N/A,N/A,N/A,SEITZ Tom
Preliminary 256,DRAGOMIR George,ROU,15,N/A,N/A,N/A,DRAGOMIR George
Preliminary 256,DECSI Tamas,HUN,15,N/A,N/A,N/A,DECSI Tamas
Preliminary 256,FERNANDEZ BLANCO Oscar,ESP,15,N/A,N/A,N/A,FERNANDEZ BLANCO Oscar
Preliminary 256,BOUREAU Paco,FRA,15,N/A,N/A,N/A,BOUREAU Paco
Preliminary 256,HERNANDEZ CABALLERO Andres,ESP,15,N/A,N/A,N/A,HERNANDEZ CABALLERO Andres
Preliminary 256,TSE Hong Wang,HKG,15,ALMANSAF Abdullah,KSA,14,TSE Hong Wang
Preliminary 256,KATO Hibiki,JPN,15,N/A,N/A,N/A,KATO Hibiki
Preliminary 256,PATRICE Jean-Philippe,FRA,15,N/A,N/A,N/A,PATRICE Jean-Philippe
Preliminary 256,LUCAS DE LA FUENTE Javier,ESP,15,DENKIEWICZ Aleksander,POL,12,LUCAS DE LA FUENTE Javier
Preliminary 256,STASIAK Olaf,POL,15,N/A,N/A,N/A,STASIAK Olaf
Preliminary 256,BAZADZE Beka,GEO,15,N/A,N/A,N/A,BAZADZE Beka
Preliminary 256,ALMUTAIRI Adel,KSA,15,N/A,N/A,N/A,ALMUTAIRI Adel
Preliminary 256,HO Sze Long Aaron,HKG,15,N/A,N/A,N/A,HO Sze Long Aaron
Preliminary 256,DAI Rui,CHN,15,N/A,N/A,N/A,DAI Rui
Preliminary 256,DI TELLA Pascual Maria,ARG,15,N/A,N/A,N/A,DI TELLA Pascual Maria
Preliminary 256,FERJANI Ahmed,TUN,15,N/A,N/A,N/A,FERJANI Ahmed
Preliminary 256,ALVAREZ DURAN Pablo,ESP,15,N/A,N/A,N/A,ALVAREZ DURAN Pablo
Preliminary 256,FRUMGARZTS David,ISR,15,N/A,N/A,N/A,FRUMGARZTS David
Preliminary 256,RIKITAKE Yuto,JPN,15,N/A,N/A,N/A,RIKITAKE Yuto
Preliminary 256,IAM Jethro,HKG,15,N/A,N/A,N/A,IAM Jethro
Preliminary 256,LUKASHENKO Darii,UKR,15,N/A,N/A,N/A,LUKASHENKO Darii
Preliminary 256,WOOD Elden,USA,15,BUGIALLI Matteo,ESP,9,WOOD Elden
Preliminary 256,SCHLAFFER Leon,GER,15,N/A,N/A,N/A,SCHLAFFER Leon
Preliminary 256,SZCZEPANIK Piotr,POL,15,N/A,N/A,N/A,SZCZEPANIK Piotr
Preliminary 256,GIRAULT Evann Jean Abba,NIG,15,N/A,N/A,N/A,GIRAULT Evann Jean Abba
Preliminary 256,KUEHLING Julian,GER,15,N/A,N/A,N/A,KUEHLING Julian
Preliminary 256,HEATHCOCK Antonio,USA,15,N/A,N/A,N/A,HEATHCOCK Antonio
Preliminary 256,KHODIR Yassin,EGY,15,N/A,N/A,N/A,KHODIR Yassin
Preliminary 256,KUTCHUKHIDZE Lasha,GEO,15,N/A,N/A,N/A,KUTCHUKHIDZE Lasha
Preliminary 256,ALQUDIHI Ahmed,KSA,15,N/A,N/A,N/A,ALQUDIHI Ahmed
Preliminary 256,MARTINE Thomas,FRA,15,N/A,N/A,N/A,MARTINE Thomas
Preliminary 256,STATSENKO Oleksiy,UKR,15,N/A,N/A,N/A,STATSENKO Oleksiy
Preliminary 256,YAGODKA Andriy,UKR,15,N/A,N/A,N/A,YAGODKA Andriy
Preliminary 256,WANG Yukun,CHN,15,N/A,N/A,N/A,WANG Yukun
Preliminary 256,HRYCIUK Szymon,POL,15,N/A,N/A,N/A,HRYCIUK Szymon
Preliminary 256,MASTRULLO Marco,ITA,15,N/A,N/A,N/A,MASTRULLO Marco
Preliminary 256,ILIASZ Nicolas,HUN,15,N/A,N/A,N/A,ILIASZ Nicolas
Preliminary 256,DOBOS SAAVEDRA Zsolt,ESP,15,GUTIERREZ MELENDEZ Gonzalo,ESP,5,DOBOS SAAVEDRA Zsolt
Preliminary 256,SUNG Hyeonmo,KOR,15,N/A,N/A,N/A,SUNG Hyeonmo
Preliminary 256,RAHBARI Mohammad,IRI,15,N/A,N/A,N/A,RAHBARI Mohammad
Preliminary 256,WONG Cheuk Long Javon,HKG,9,KARAKAI Oleksandr,UKR,15,KARAKAI Oleksandr
Preliminary 256,KOKUBO Mao,JPN,15,N/A,N/A,N/A,KOKUBO Mao
Preliminary 256,METHNER Philipp,GER,15,N/A,N/A,N/A,METHNER Philipp
Preliminary 256,BONSANTO Francesco,ITA,15,N/A,N/A,N/A,BONSANTO Francesco
Preliminary 256,TSUMORI Shido,JPN,15,N/A,N/A,N/A,TSUMORI Shido
Preliminary 256,KUZMIN Leon,GER,15,N/A,N/A,N/A,KUZMIN Leon
Preliminary 256,DOLEGIEWICZ Filip,USA,15,N/A,N/A,N/A,DOLEGIEWICZ Filip
Preliminary 256,DUCERF Benjamin,FRA,15,N/A,N/A,N/A,DUCERF Benjamin
Preliminary 256,MARUELLE Francois,FRA,15,N/A,N/A,N/A,MARUELLE Francois
Preliminary 256,HIWATASHI Reo,JPN,15,N/A,N/A,N/A,HIWATASHI Reo
Preliminary 256,YILDIRIM Enver,TUR,15,N/A,N/A,N/A,YILDIRIM Enver
Preliminary 256,EMURA Ryohei,JPN,15,N/A,N/A,N/A,EMURA Ryohei
Preliminary 256,HALLIWELL Barnaby,GBR,15,N/A,N/A,N/A,HALLIWELL Barnaby
Preliminary 256,BOHOVIN Bohdan,UKR,15,N/A,N/A,N/A,BOHOVIN Bohdan
Preliminary 256,OTTAVIANI Lorenzo,ITA,15,N/A,N/A,N/A,OTTAVIANI Lorenzo
Preliminary 256,HO Pak Lam Hugo,HKG,15,N/A,N/A,N/A,HO Pak Lam Hugo
Preliminary 256,MARTIN MEDINA Adrian,ESP,13,HAYNES Luke,GBR,15,HAYNES Luke
Preliminary 256,NAZLYMOV Andrei,USA,15,N/A,N/A,N/A,NAZLYMOV Andrei
Preliminary 256,ZEA Gibran,MEX,15,N/A,N/A,N/A,ZEA Gibran
Preliminary 256,URSACHI Razvan,ROU,15,N/A,N/A,N/A,URSACHI Razvan
Preliminary 256,ALVAREZ Ricardo,CHI,15,N/A,N/A,N/A,ALVAREZ Ricardo
Preliminary 256,CHAN Alex Brian,HKG,15,N/A,N/A,N/A,CHAN Alex Brian
Preliminary 256,REA Mattia,ITA,15,N/A,N/A,N/A,REA Mattia
Preliminary 256,TORRE Pietro,ITA,15,N/A,N/A,N/A,TORRE Pietro
Preliminary 256,ARCHVADZE Vakhtangi,GEO,15,N/A,N/A,N/A,ARCHVADZE Vakhtangi
Preliminary 256,TSAP Yuriy,UKR,15,N/A,N/A,N/A,TSAP Yuriy
Preliminary 256,KIM Jaewon,KOR,15,N/A,N/A,N/A,KIM Jaewon
Preliminary 256,DENKIEWICZ Benedykt,POL,15,N/A,N/A,N/A,DENKIEWICZ Benedykt
Preliminary 256,JARRY Samuel,FRA,15,N/A,N/A,N/A,JARRY Samuel
Preliminary 256,GOUGOULIAS Olympios,GBR,15,GONZALEZ-CARVAJAL MARTINEZ Joaquin,ESP,12,GOUGOULIAS Olympios
Preliminary 256,CHANG Chi Hin Cyrus,HKG,15,N/A,N/A,N/A,CHANG Chi Hin Cyrus
Preliminary 256,STREETS Kaito,JPN,15,N/A,N/A,N/A,STREETS Kaito
Preliminary 256,LEE Hyobin,KOR,11,HOMER Daryl,USA,15,HOMER Daryl
Preliminary 256,DI MARTINO Pietro Jose,ARG,15,N/A,N/A,N/A,DI MARTINO Pietro Jose
Preliminary 256,ARFA Fares,CAN,15,N/A,N/A,N/A,ARFA Fares
Preliminary 256,LIM Giryong,KOR,15,N/A,N/A,N/A,LIM Giryong
Preliminary 256,LEUNG Tin Ching,HKG,15,N/A,N/A,N/A,LEUNG Tin Ching
Preliminary 256,MOGG Maximilian,GER,15,N/A,N/A,N/A,MOGG Maximilian
Preliminary 256,SHEN Chenpeng,CHN,15,N/A,N/A,N/A,SHEN Chenpeng
Preliminary 256,KURALBEKULY Bakdaulet,KAZ,15,N/A,N/A,N/A,KURALBEKULY Bakdaulet
Preliminary 256,ALAMR Mohammed,KSA,15,N/A,N/A,N/A,ALAMR Mohammed
Preliminary 256,SEEFELD Eric Simon,GER,15,N/A,N/A,N/A,SEEFELD Eric Simon
Preliminary 256,ZHANG Zezhong,CHN,15,N/A,N/A,N/A,ZHANG Zezhong
Preliminary 256,PECH Kornel,HUN,15,N/A,N/A,N/A,PECH Kornel
Preliminary 256,RAMON LOPEZ Rodrigo,ESP,15,N/A,N/A,N/A,RAMON LOPEZ Rodrigo
Preliminary 256,WEBER Alexander,ARG,11,CHERNI Mohamed Aziz,TUN,15,CHERNI Mohamed Aziz
Preliminary 256,KIM Jiwon,KOR,15,N/A,N/A,N/A,KIM Jiwon
Preliminary 256,DESROSIERS Olivier,CAN,15,N/A,N/A,N/A,DESROSIERS Olivier
Preliminary 256,FARRE Oriol,ESP,15,N/A,N/A,N/A,FARRE Oriol
Preliminary 256,BRONISZEWSKI Marcel,POL,15,N/A,N/A,N/A,BRONISZEWSKI Marcel
Preliminary 256,CHAN Lok Hei Royce,HKG,15,N/A,N/A,N/A,CHAN Lok Hei Royce
Preliminary 256,ALPAIDZE Mikhail,GEO,15,N/A,N/A,N/A,ALPAIDZE Mikhail
Preliminary 256,AMER Mohamed,EGY,15,N/A,N/A,N/A,AMER Mohamed
Preliminary 256,CAGLAYAN Kerem,TUR,15,N/A,N/A,N/A,CAGLAYAN Kerem
Preliminary 256,BAHER ARASBARAN Farzad,IRI,15,N/A,N/A,N/A,BAHER ARASBARAN Farzad
Preliminary 256,TSUBO Hayato,JPN,15,N/A,N/A,N/A,TSUBO Hayato
Preliminary 256,CABALLERO Rogelio,ESP,15,N/A,N/A,N/A,CABALLERO Rogelio
Preliminary 256,HERRANZ Carlos,ESP,15,N/A,N/A,N/A,HERRANZ Carlos
Preliminary 256,FLOREZ Carlos,COL,15,N/A,N/A,N/A,FLOREZ Carlos
Preliminary 256,LOW Ho Tin,HKG,15,N/A,N/A,N/A,LOW Ho Tin
Preliminary 256,MORRILL William,USA,15,N/A,N/A,N/A,MORRILL William
Preliminary 256,CROFT Liam,GBR,15,KRAJNC Peter,SLO,7,CROFT Liam
Preliminary 256,JI Cody Walter,USA,15,N/A,N/A,N/A,JI Cody Walter
Preliminary 128,THOMPSON Khalil,USA,15,NABIYEV Zhanat,KAZ,12,THOMPSON Khalil
Preliminary 128,KACZKOWSKI Krzysztof,POL,15,WANG Tianhao,CHN,4,KACZKOWSKI Krzysztof
Preliminary 128,BIBI Eliott,FRA,5,CAUCHON Francois,CAN,15,CAUCHON Francois
Preliminary 128,CHANG Hoi Chun,HKG,9,SONG Eungyun,KOR,15,SONG Eungyun
Preliminary 128,CUELLAR Sebastian,COL,14,THOME Simon,GER,15,THOME Simon
Preliminary 128,NERI Matteo,ITA,15,SALGADO RONDON Arturo Eduardo,ARG,1,NERI Matteo
Preliminary 128,RAKHMANALI Mukhamedali,KAZ,14,PEREZ MARTIN Julio Manuel,ESP,15,PEREZ MARTIN Julio Manuel
Preliminary 128,ELARABY Mazen,EGY,11,KINDLER Frederic,GER,15,KINDLER Frederic
Preliminary 128,JEONG Hangil,KOR,14,PECH Miklos,HUN,15,PECH Miklos
Preliminary 128,FOTOUHI Mohammad,IRI,15,COVALIU Vlad,ROU,5,FOTOUHI Mohammad
Preliminary 128,SATTARKHAN Nazarbay,KAZ,14,WATANABE Sora,JPN,15,WATANABE Sora
Preliminary 128,PARK Sangwon,KOR,15,GEMESI Csanad,HUN,11,PARK Sangwon
Preliminary 128,SEITZ Tom,FRA,14,DRAGOMIR George,ROU,15,DRAGOMIR George
Preliminary 128,DECSI Tamas,HUN,15,FERNANDEZ BLANCO Oscar,ESP,14,DECSI Tamas
Preliminary 128,BOUREAU Paco,FRA,15,HERNANDEZ CABALLERO Andres,ESP,12,BOUREAU Paco
Preliminary 128,TSE Hong Wang,HKG,7,KATO Hibiki,JPN,15,KATO Hibiki
Preliminary 128,PATRICE Jean-Philippe,FRA,15,LUCAS DE LA FUENTE Javier,ESP,6,PATRICE Jean-Philippe
Preliminary 128,STASIAK Olaf,POL,15,BAZADZE Beka,GEO,13,STASIAK Olaf
Preliminary 128,ALMUTAIRI Adel,KSA,15,HO Sze Long Aaron,HKG,13,ALMUTAIRI Adel
Preliminary 128,DAI Rui,CHN,6,DI TELLA Pascual Maria,ARG,15,DI TELLA Pascual Maria
Preliminary 128,FERJANI Ahmed,TUN,15,ALVAREZ DURAN Pablo,ESP,8,FERJANI Ahmed
Preliminary 128,FRUMGARZTS David,ISR,15,RIKITAKE Yuto,JPN,13,FRUMGARZTS David
Preliminary 128,IAM Jethro,HKG,9,LUKASHENKO Darii,UKR,15,LUKASHENKO Darii
Preliminary 128,WOOD Elden,USA,7,SCHLAFFER Leon,GER,15,SCHLAFFER Leon
Preliminary 128,SZCZEPANIK Piotr,POL,15,GIRAULT Evann Jean Abba,NIG,10,SZCZEPANIK Piotr
Preliminary 128,KUEHLING Julian,GER,7,HEATHCOCK Antonio,USA,15,HEATHCOCK Antonio
Preliminary 128,KHODIR Yassin,EGY,15,KUTCHUKHIDZE Lasha,GEO,9,KHODIR Yassin
Preliminary 128,ALQUDIHI Ahmed,KSA,11,MARTINE Thomas,FRA,15,MARTINE Thomas
Preliminary 128,STATSENKO Oleksiy,UKR,13,YAGODKA Andriy,UKR,15,YAGODKA Andriy
Preliminary 128,WANG Yukun,CHN,11,HRYCIUK Szymon,POL,15,HRYCIUK Szymon
Preliminary 128,MASTRULLO Marco,ITA,15,ILIASZ Nicolas,HUN,14,MASTRULLO Marco
Preliminary 128,DOBOS SAAVEDRA Zsolt,ESP,3,SUNG Hyeonmo,KOR,15,SUNG Hyeonmo
Preliminary 128,RAHBARI Mohammad,IRI,15,KARAKAI Oleksandr,UKR,6,RAHBARI Mohammad
Preliminary 128,KOKUBO Mao,JPN,15,METHNER Philipp,GER,11,KOKUBO Mao
Preliminary 128,BONSANTO Francesco,ITA,15,TSUMORI Shido,JPN,13,BONSANTO Francesco
Preliminary 128,KUZMIN Leon,GER,10,DOLEGIEWICZ Filip,USA,15,DOLEGIEWICZ Filip
Preliminary 128,DUCERF Benjamin,FRA,15,MARUELLE Francois,FRA,14,DUCERF Benjamin
Preliminary 128,HIWATASHI Reo,JPN,9,YILDIRIM Enver,TUR,15,YILDIRIM Enver
Preliminary 128,EMURA Ryohei,JPN,15,HALLIWELL Barnaby,GBR,9,EMURA Ryohei
Preliminary 128,BOHOVIN Bohdan,UKR,13,OTTAVIANI Lorenzo,ITA,15,OTTAVIANI Lorenzo
Preliminary 128,HO Pak Lam Hugo,HKG,15,HAYNES Luke,GBR,9,HO Pak Lam Hugo
Preliminary 128,NAZLYMOV Andrei,USA,15,ZEA Gibran,MEX,11,NAZLYMOV Andrei
Preliminary 128,URSACHI Razvan,ROU,15,ALVAREZ Ricardo,CHI,11,URSACHI Razvan
Preliminary 128,CHAN Alex Brian,HKG,15,REA Mattia,ITA,12,CHAN Alex Brian
Preliminary 128,TORRE Pietro,ITA,15,ARCHVADZE Vakhtangi,GEO,11,TORRE Pietro
Preliminary 128,TSAP Yuriy,UKR,15,KIM Jaewon,KOR,11,TSAP Yuriy
Preliminary 128,DENKIEWICZ Benedykt,POL,15,JARRY Samuel,FRA,13,DENKIEWICZ Benedykt
Preliminary 128,GOUGOULIAS Olympios,GBR,12,CHANG Chi Hin Cyrus,HKG,15,CHANG Chi Hin Cyrus
Preliminary 128,STREETS Kaito,JPN,15,HOMER Daryl,USA,7,STREETS Kaito
Preliminary 128,DI MARTINO Pietro Jose,ARG,14,ARFA Fares,CAN,15,ARFA Fares
Preliminary 128,LIM Giryong,KOR,14,LEUNG Tin Ching,HKG,15,LEUNG Tin Ching
Preliminary 128,MOGG Maximilian,GER,5,SHEN Chenpeng,CHN,15,SHEN Chenpeng
Preliminary 128,KURALBEKULY Bakdaulet,KAZ,15,ALAMR Mohammed,KSA,8,KURALBEKULY Bakdaulet
Preliminary 128,SEEFELD Eric Simon,GER,14,ZHANG Zezhong,CHN,15,ZHANG Zezhong
Preliminary 128,PECH Kornel,HUN,15,RAMON LOPEZ Rodrigo,ESP,11,PECH Kornel
Preliminary 128,CHERNI Mohamed Aziz,TUN,10,KIM Jiwon,KOR,15,KIM Jiwon
Preliminary 128,DESROSIERS Olivier,CAN,15,FARRE Oriol,ESP,6,DESROSIERS Olivier
Preliminary 128,BRONISZEWSKI Marcel,POL,7,CHAN Lok Hei Royce,HKG,15,CHAN Lok Hei Royce
Preliminary 128,ALPAIDZE Mikhail,GEO,9,AMER Mohamed,EGY,15,AMER Mohamed
Preliminary 128,CAGLAYAN Kerem,TUR,10,BAHER ARASBARAN Farzad,IRI,15,BAHER ARASBARAN Farzad
Preliminary 128,TSUBO Hayato,JPN,15,CABALLERO Rogelio,ESP,8,TSUBO Hayato
Preliminary 128,HERRANZ Carlos,ESP,14,FLOREZ Carlos,COL,15,FLOREZ Carlos
Preliminary 128,LOW Ho Tin,HKG,11,MORRILL William,USA,15,MORRILL William
Preliminary 128,CROFT Liam,GBR,6,JI Cody Walter,USA,15,JI Cody Walter
Preliminary 64,THOMPSON Khalil,USA,14,KACZKOWSKI Krzysztof,POL,15,KACZKOWSKI Krzysztof
Preliminary 64,CAUCHON Francois,CAN,11,SONG Eungyun,KOR,15,SONG Eungyun
Preliminary 64,THOME Simon,GER,1,NERI Matteo,ITA,15,NERI Matteo
Preliminary 64,PEREZ MARTIN Julio Manuel,ESP,15,KINDLER Frederic,GER,14,PEREZ MARTIN Julio Manuel
Preliminary 64,PECH Miklos,HUN,13,FOTOUHI Mohammad,IRI,15,FOTOUHI Mohammad
Preliminary 64,WATANABE Sora,JPN,14,PARK Sangwon,KOR,15,PARK Sangwon
Preliminary 64,DRAGOMIR George,ROU,15,DECSI Tamas,HUN,12,DRAGOMIR George
Preliminary 64,BOUREAU Paco,FRA,15,KATO Hibiki,JPN,7,BOUREAU Paco
Preliminary 64,PATRICE Jean-Philippe,FRA,15,STASIAK Olaf,POL,4,PATRICE Jean-Philippe
Preliminary 64,ALMUTAIRI Adel,KSA,6,DI TELLA Pascual Maria,ARG,15,DI TELLA Pascual Maria
Preliminary 64,FERJANI Ahmed,TUN,0,FRUMGARZTS David,ISR,15,FRUMGARZTS David
Preliminary 64,LUKASHENKO Darii,UKR,15,SCHLAFFER Leon,GER,9,LUKASHENKO Darii
Preliminary 64,SZCZEPANIK Piotr,POL,13,HEATHCOCK Antonio,USA,15,HEATHCOCK Antonio
Preliminary 64,KHODIR Yassin,EGY,13,MARTINE Thomas,FRA,15,MARTINE Thomas
Preliminary 64,YAGODKA Andriy,UKR,15,HRYCIUK Szymon,POL,13,YAGODKA Andriy
Preliminary 64,MASTRULLO Marco,ITA,12,SUNG Hyeonmo,KOR,15,SUNG Hyeonmo
Preliminary 64,RAHBARI Mohammad,IRI,9,KOKUBO Mao,JPN,15,KOKUBO Mao
Preliminary 64,BONSANTO Francesco,ITA,11,DOLEGIEWICZ Filip,USA,15,DOLEGIEWICZ Filip
Preliminary 64,DUCERF Benjamin,FRA,12,YILDIRIM Enver,TUR,15,YILDIRIM Enver
Preliminary 64,EMURA Ryohei,JPN,9,OTTAVIANI Lorenzo,ITA,15,OTTAVIANI Lorenzo
Preliminary 64,HO Pak Lam Hugo,HKG,14,NAZLYMOV Andrei,USA,15,NAZLYMOV Andrei
Preliminary 64,URSACHI Razvan,ROU,15,CHAN Alex Brian,HKG,8,URSACHI Razvan
Preliminary 64,TORRE Pietro,ITA,15,TSAP Yuriy,UKR,5,TORRE Pietro
Preliminary 64,DENKIEWICZ Benedykt,POL,15,CHANG Chi Hin Cyrus,HKG,7,DENKIEWICZ Benedykt
Preliminary 64,STREETS Kaito,JPN,15,ARFA Fares,CAN,9,STREETS Kaito
Preliminary 64,LEUNG Tin Ching,HKG,15,SHEN Chenpeng,CHN,12,LEUNG Tin Ching
Preliminary 64,KURALBEKULY Bakdaulet,KAZ,15,ZHANG Zezhong,CHN,7,KURALBEKULY Bakdaulet
Preliminary 64,PECH Kornel,HUN,15,KIM Jiwon,KOR,13,PECH Kornel
Preliminary 64,DESROSIERS Olivier,CAN,8,CHAN Lok Hei Royce,HKG,15,CHAN Lok Hei Royce
Preliminary 64,AMER Mohamed,EGY,15,BAHER ARASBARAN Farzad,IRI,9,AMER Mohamed
Preliminary 64,TSUBO Hayato,JPN,15,FLOREZ Carlos,COL,11,TSUBO Hayato
Preliminary 64,MORRILL William,USA,15,JI Cody Walter,USA,9,MORRILL William
Main 64,BAZADZE Sandro,GEO,12,PARK Sangwon,KOR,15,PARK Sangwon
Main 64,SUNG Hyeonmo,KOR,12,GU Bongil,KOR,15,GU Bongil
Main 64,SARON Mitchell,USA,15,PECH Kornel,HUN,8,SARON Mitchell
Main 64,BOUREAU Paco,FRA,8,YOSHIDA Kento,JPN,15,YOSHIDA Kento
Main 64,PATRICE Sebastien,FRA,15,LUKASHENKO Darii,UKR,8,PATRICE Sebastien
Main 64,DOLEGIEWICZ Filip,USA,12,SARKISSYAN Artyom,KAZ,15,SARKISSYAN Artyom
Main 64,DO Gyeongdong,KOR,11,DI TELLA Pascual Maria,ARG,15,DI TELLA Pascual Maria
Main 64,PEREZ MARTIN Julio Manuel,ESP,9,OH Sanguk,KOR,15,OH Sanguk
Main 64,HEATHCOCK Colin,USA,15,FRUMGARZTS David,ISR,10,HEATHCOCK Colin
Main 64,MARTINE Thomas,FRA,15,OLLIVIER Leandre,FRA,9,MARTINE Thomas
Main 64,MIGNUZZI Giacomo,ITA,15,URSACHI Razvan,ROU,8,MIGNUZZI Giacomo
Main 64,KOKUBO Mao,JPN,15,FERJANI Fares,TUN,10,KOKUBO Mao
Main 64,CURATOLI Luca,ITA,13,MORRILL William,USA,15,MORRILL William
Main 64,YILDIRIM Enver,TUR,15,CHOW Chung Hei,HKG,11,YILDIRIM Enver
Main 64,CAVALIERE Dario,ITA,15,OTTAVIANI Lorenzo,ITA,7,CAVALIERE Dario
Main 64,LEUNG Tin Ching,HKG,10,SZILAGYI Aron,HUN,15,SZILAGYI Aron
Main 64,PAKDAMAN Ali,IRI,14,YAGODKA Andriy,UKR,15,YAGODKA Andriy
Main 64,STREETS Kaito,JPN,14,NITU Radu,ROU,15,NITU Radu
Main 64,GORDON Shaul,CAN,13,CHAN Lok Hei Royce,HKG,15,CHAN Lok Hei Royce
Main 64,KACZKOWSKI Krzysztof,POL,10,MOATAZ Adham,EGY,15,MOATAZ Adham
Main 64,PIANFETTI Maxime,FRA,15,FOTOUHI Mohammad,IRI,5,PIANFETTI Maxime
Main 64,SONG Eungyun,KOR,15,RABB Krisztian,HUN,12,SONG Eungyun
Main 64,HA Hansol,KOR,15,KURALBEKULY Bakdaulet,KAZ,10,HA Hansol
Main 64,AMER Mohamed,EGY,9,DERSHWITZ Eli,USA,15,DERSHWITZ Eli
Main 64,SZABO Matyas,GER,8,NERI Matteo,ITA,15,NERI Matteo
Main 64,TORRE Pietro,ITA,15,FLOREZ Jaime,ESP,8,TORRE Pietro
Main 64,BONAH Luis,GER,15,TSUBO Hayato,JPN,9,BONAH Luis
Main 64,NAZLYMOV Andrei,USA,15,SAMELE Luigi,ITA,14,NAZLYMOV Andrei
Main 64,GALLO Michele,ITA,15,DENKIEWICZ Benedykt,POL,6,GALLO Michele
Main 64,HEATHCOCK Antonio,USA,15,BERRE' Enrico,ITA,5,HEATHCOCK Antonio
Main 64,GARRIGUE Remi,FRA,15,PATRICE Jean-Philippe,FRA,12,GARRIGUE Remi
Main 64,DRAGOMIR George,ROU,8,ELSISSY Ziad,EGY,15,ELSISSY Ziad
Main 32,PARK Sangwon,KOR,4,GU Bongil,KOR,15,GU Bongil
Main 32,SARON Mitchell,USA,15,YOSHIDA Kento,JPN,10,SARON Mitchell
Main 32,PATRICE Sebastien,FRA,15,SARKISSYAN Artyom,KAZ,11,PATRICE Sebastien
Main 32,DI TELLA Pascual Maria,ARG,11,OH Sanguk,KOR,15,OH Sanguk
Main 32,HEATHCOCK Colin,USA,15,MARTINE Thomas,FRA,14,HEATHCOCK Colin
Main 32,MIGNUZZI Giacomo,ITA,14,KOKUBO Mao,JPN,15,KOKUBO Mao
Main 32,MORRILL William,USA,15,YILDIRIM Enver,TUR,12,MORRILL William
Main 32,CAVALIERE Dario,ITA,12,SZILAGYI Aron,HUN,15,SZILAGYI Aron
Main 32,YAGODKA Andriy,UKR,15,NITU Radu,ROU,14,YAGODKA Andriy
Main 32,CHAN Lok Hei Royce,HKG,15,MOATAZ Adham,EGY,12,CHAN Lok Hei Royce
Main 32,PIANFETTI Maxime,FRA,13,SONG Eungyun,KOR,15,SONG Eungyun
Main 32,HA Hansol,KOR,15,DERSHWITZ Eli,USA,12,HA Hansol
Main 32,NERI Matteo,ITA,15,TORRE Pietro,ITA,14,NERI Matteo
Main 32,BONAH Luis,GER,15,NAZLYMOV Andrei,USA,12,BONAH Luis
Main 32,GALLO Michele,ITA,15,HEATHCOCK Antonio,USA,9,GALLO Michele
Main 32,GARRIGUE Remi,FRA,11,ELSISSY Ziad,EGY,15,ELSISSY Ziad
Main 16,GU Bongil,KOR,15,SARON Mitchell,USA,11,GU Bongil
Main 16,PATRICE Sebastien,FRA,15,OH Sanguk,KOR,12,PATRICE Sebastien
Main 16,HEATHCOCK Colin,USA,15,KOKUBO Mao,JPN,6,HEATHCOCK Colin
Main 16,MORRILL William,USA,15,SZILAGYI Aron,HUN,11,MORRILL William
Main 16,YAGODKA Andriy,UKR,13,CHAN Lok Hei Royce,HKG,15,CHAN Lok Hei Royce
Main 16,SONG Eungyun,KOR,12,HA Hansol,KOR,15,HA Hansol
Main 16,NERI Matteo,ITA,15,BONAH Luis,GER,12,NERI Matteo
Main 16,GALLO Michele,ITA,10,ELSISSY Ziad,EGY,15,ELSISSY Ziad
Quarterfinals,GU Bongil,KOR,12,PATRICE Sebastien,FRA,15,PATRICE Sebastien
Quarterfinals,HEATHCOCK Colin,USA,12,MORRILL William,USA,15,MORRILL William
Quarterfinals,CHAN Lok Hei Royce,HKG,9,HA Hansol,KOR,15,HA Hansol
Quarterfinals,NERI Matteo,ITA,15,ELSISSY Ziad,EGY,12,NERI Matteo
Semifinals,PATRICE Sebastien,FRA,15,MORRILL William,USA,9,PATRICE Sebastien
Semifinals,HA Hansol,KOR,15,NERI Matteo,ITA,14,HA Hansol
Final,PATRICE Sebastien,FRA,15,HA Hansol,KOR,13,PATRICE Sebastien